suite,shape,relations,variant,selected_algorithm,query_id,repetition,operations,duration_ns,candidate_operators
random_tree_algorithms,random_tree,10,adaptive,DpHyp,0,0,1,266958,464
random_tree_algorithms,random_tree,10,linearized_dp,LinearizedDp,0,0,1,26209,28
random_tree_algorithms,random_tree,10,goo_dp,GooDp,0,0,1,236834,509
random_tree_algorithms,random_tree,10,adaptive,DpHyp,1,0,1,355000,873
random_tree_algorithms,random_tree,10,linearized_dp,LinearizedDp,1,0,1,18542,11
random_tree_algorithms,random_tree,10,goo_dp,GooDp,1,0,1,375250,918
random_tree_algorithms,random_tree,10,adaptive,DpHyp,2,0,1,156709,240
random_tree_algorithms,random_tree,10,linearized_dp,LinearizedDp,2,0,1,117625,25
random_tree_algorithms,random_tree,10,goo_dp,GooDp,2,0,1,227292,285
random_tree_algorithms,random_tree,10,adaptive,DpHyp,3,0,1,326958,426
random_tree_algorithms,random_tree,10,linearized_dp,LinearizedDp,3,0,1,34542,17
random_tree_algorithms,random_tree,10,goo_dp,GooDp,3,0,1,339875,471
random_tree_algorithms,random_tree,10,adaptive,DpHyp,4,0,1,358750,482
random_tree_algorithms,random_tree,10,linearized_dp,LinearizedDp,4,0,1,37458,27
random_tree_algorithms,random_tree,10,goo_dp,GooDp,4,0,1,374625,527
random_tree_algorithms,random_tree,10,adaptive,DpHyp,5,0,1,330667,417
random_tree_algorithms,random_tree,10,linearized_dp,LinearizedDp,5,0,1,37125,33
random_tree_algorithms,random_tree,10,goo_dp,GooDp,5,0,1,340458,462
random_tree_algorithms,random_tree,10,adaptive,DpHyp,6,0,1,463250,654
random_tree_algorithms,random_tree,10,linearized_dp,LinearizedDp,6,0,1,29709,15
random_tree_algorithms,random_tree,10,goo_dp,GooDp,6,0,1,496834,699
random_tree_algorithms,random_tree,10,adaptive,DpHyp,7,0,1,272875,345
random_tree_algorithms,random_tree,10,linearized_dp,LinearizedDp,7,0,1,55584,96
random_tree_algorithms,random_tree,10,goo_dp,GooDp,7,0,1,293125,390
random_tree_algorithms,random_tree,10,adaptive,DpHyp,8,0,1,564083,869
random_tree_algorithms,random_tree,10,linearized_dp,LinearizedDp,8,0,1,31458,24
random_tree_algorithms,random_tree,10,goo_dp,GooDp,8,0,1,560625,914
random_tree_algorithms,random_tree,10,adaptive,DpHyp,9,0,1,214583,293
random_tree_algorithms,random_tree,10,linearized_dp,LinearizedDp,9,0,1,35917,37
random_tree_algorithms,random_tree,10,goo_dp,GooDp,9,0,1,231500,338
random_tree_algorithms,random_tree,20,adaptive,DpHyp,0,0,1,23079750,30215
random_tree_algorithms,random_tree,20,linearized_dp,LinearizedDp,0,0,1,90833,64
random_tree_algorithms,random_tree,20,goo_dp,GooDp,0,0,1,390667,491
random_tree_algorithms,random_tree,20,adaptive,LinearizedDp,1,0,1,2304916,23
random_tree_algorithms,random_tree,20,linearized_dp,LinearizedDp,1,0,1,60833,23
random_tree_algorithms,random_tree,20,goo_dp,GooDp,1,0,1,692125,1036
random_tree_algorithms,random_tree,20,adaptive,DpHyp,2,0,1,26547000,42068
random_tree_algorithms,random_tree,20,linearized_dp,LinearizedDp,2,0,1,75625,45
random_tree_algorithms,random_tree,20,goo_dp,GooDp,2,0,1,777208,1119
random_tree_algorithms,random_tree,20,adaptive,DpHyp,3,0,1,60360875,100122
random_tree_algorithms,random_tree,20,linearized_dp,LinearizedDp,3,0,1,68083,33
random_tree_algorithms,random_tree,20,goo_dp,GooDp,3,0,1,431375,654
random_tree_algorithms,random_tree,20,adaptive,LinearizedDp,4,0,1,1917833,37
random_tree_algorithms,random_tree,20,linearized_dp,LinearizedDp,4,0,1,56917,37
random_tree_algorithms,random_tree,20,goo_dp,GooDp,4,0,1,313708,510
random_tree_algorithms,random_tree,20,adaptive,DpHyp,5,0,1,31141916,56547
random_tree_algorithms,random_tree,20,linearized_dp,LinearizedDp,5,0,1,68333,45
random_tree_algorithms,random_tree,20,goo_dp,GooDp,5,0,1,382625,627
random_tree_algorithms,random_tree,20,adaptive,DpHyp,6,0,1,34618291,59723
random_tree_algorithms,random_tree,20,linearized_dp,LinearizedDp,6,0,1,58458,25
random_tree_algorithms,random_tree,20,goo_dp,GooDp,6,0,1,481250,781
random_tree_algorithms,random_tree,20,adaptive,DpHyp,7,0,1,40420583,71843
random_tree_algorithms,random_tree,20,linearized_dp,LinearizedDp,7,0,1,100416,121
random_tree_algorithms,random_tree,20,goo_dp,GooDp,7,0,1,440375,700
random_tree_algorithms,random_tree,20,adaptive,LinearizedDp,8,0,1,2111625,34
random_tree_algorithms,random_tree,20,linearized_dp,LinearizedDp,8,0,1,65875,34
random_tree_algorithms,random_tree,20,goo_dp,GooDp,8,0,1,285416,405
random_tree_algorithms,random_tree,20,adaptive,DpHyp,9,0,1,29286167,53619
random_tree_algorithms,random_tree,20,linearized_dp,LinearizedDp,9,0,1,78500,73
random_tree_algorithms,random_tree,20,goo_dp,GooDp,9,0,1,277666,416
random_tree_algorithms,random_tree,30,adaptive,LinearizedDp,0,0,1,2968875,76
random_tree_algorithms,random_tree,30,linearized_dp,LinearizedDp,0,0,1,143958,76
random_tree_algorithms,random_tree,30,goo_dp,GooDp,0,0,1,1227708,1440
random_tree_algorithms,random_tree,30,adaptive,LinearizedDp,1,0,1,2752458,35
random_tree_algorithms,random_tree,30,linearized_dp,LinearizedDp,1,0,1,108875,35
random_tree_algorithms,random_tree,30,goo_dp,GooDp,1,0,1,961875,1242
random_tree_algorithms,random_tree,30,adaptive,LinearizedDp,2,0,1,2796083,55
random_tree_algorithms,random_tree,30,linearized_dp,LinearizedDp,2,0,1,129167,55
random_tree_algorithms,random_tree,30,goo_dp,GooDp,2,0,1,993833,1215
random_tree_algorithms,random_tree,30,adaptive,LinearizedDp,3,0,1,2699459,43
random_tree_algorithms,random_tree,30,linearized_dp,LinearizedDp,3,0,1,115292,43
random_tree_algorithms,random_tree,30,goo_dp,GooDp,3,0,1,998750,1287
random_tree_algorithms,random_tree,30,adaptive,LinearizedDp,4,0,1,2930208,49
random_tree_algorithms,random_tree,30,linearized_dp,LinearizedDp,4,0,1,123584,49
random_tree_algorithms,random_tree,30,goo_dp,GooDp,4,0,1,1075250,1391
random_tree_algorithms,random_tree,30,adaptive,LinearizedDp,5,0,1,2840000,55
random_tree_algorithms,random_tree,30,linearized_dp,LinearizedDp,5,0,1,122833,55
random_tree_algorithms,random_tree,30,goo_dp,GooDp,5,0,1,983708,1292
random_tree_algorithms,random_tree,30,adaptive,LinearizedDp,6,0,1,2708792,44
random_tree_algorithms,random_tree,30,linearized_dp,LinearizedDp,6,0,1,278958,44
random_tree_algorithms,random_tree,30,goo_dp,GooDp,6,0,1,731041,831
random_tree_algorithms,random_tree,30,adaptive,LinearizedDp,7,0,1,3054916,133
random_tree_algorithms,random_tree,30,linearized_dp,LinearizedDp,7,0,1,156208,133
random_tree_algorithms,random_tree,30,goo_dp,GooDp,7,0,1,848292,1051
random_tree_algorithms,random_tree,30,adaptive,LinearizedDp,8,0,1,2797958,44
random_tree_algorithms,random_tree,30,linearized_dp,LinearizedDp,8,0,1,115959,44
random_tree_algorithms,random_tree,30,goo_dp,GooDp,8,0,1,849583,1043
random_tree_algorithms,random_tree,30,adaptive,LinearizedDp,9,0,1,2852708,106
random_tree_algorithms,random_tree,30,linearized_dp,LinearizedDp,9,0,1,188208,106
random_tree_algorithms,random_tree,30,goo_dp,GooDp,9,0,1,628292,679
random_tree_algorithms,random_tree,40,adaptive,LinearizedDp,0,0,1,3586125,88
random_tree_algorithms,random_tree,40,linearized_dp,LinearizedDp,0,0,1,247042,88
random_tree_algorithms,random_tree,40,goo_dp,GooDp,0,0,1,2797709,2888
random_tree_algorithms,random_tree,40,adaptive,LinearizedDp,1,0,1,3460375,45
random_tree_algorithms,random_tree,40,linearized_dp,LinearizedDp,1,0,1,197042,45
random_tree_algorithms,random_tree,40,goo_dp,GooDp,1,0,1,1879667,1638
random_tree_algorithms,random_tree,40,adaptive,LinearizedDp,2,0,1,3613625,65
random_tree_algorithms,random_tree,40,linearized_dp,LinearizedDp,2,0,1,222875,65
random_tree_algorithms,random_tree,40,goo_dp,GooDp,2,0,1,1466167,1142
random_tree_algorithms,random_tree,40,adaptive,LinearizedDp,3,0,1,3678250,53
random_tree_algorithms,random_tree,40,linearized_dp,LinearizedDp,3,0,1,211167,53
random_tree_algorithms,random_tree,40,goo_dp,GooDp,3,0,1,1588042,1304
random_tree_algorithms,random_tree,40,adaptive,LinearizedDp,4,0,1,3518167,59
random_tree_algorithms,random_tree,40,linearized_dp,LinearizedDp,4,0,1,208750,59
random_tree_algorithms,random_tree,40,goo_dp,GooDp,4,0,1,1933333,1737
random_tree_algorithms,random_tree,40,adaptive,LinearizedDp,5,0,1,3881583,65
random_tree_algorithms,random_tree,40,linearized_dp,LinearizedDp,5,0,1,216417,65
random_tree_algorithms,random_tree,40,goo_dp,GooDp,5,0,1,1866625,1701
random_tree_algorithms,random_tree,40,adaptive,LinearizedDp,6,0,1,3724583,54
random_tree_algorithms,random_tree,40,linearized_dp,LinearizedDp,6,0,1,245542,54
random_tree_algorithms,random_tree,40,goo_dp,GooDp,6,0,1,1780458,1454
random_tree_algorithms,random_tree,40,adaptive,LinearizedDp,7,0,1,3689375,145
random_tree_algorithms,random_tree,40,linearized_dp,LinearizedDp,7,0,1,252875,145
random_tree_algorithms,random_tree,40,goo_dp,GooDp,7,0,1,1958500,1589
random_tree_algorithms,random_tree,40,adaptive,LinearizedDp,8,0,1,3707500,54
random_tree_algorithms,random_tree,40,linearized_dp,LinearizedDp,8,0,1,205959,54
random_tree_algorithms,random_tree,40,goo_dp,GooDp,8,0,1,1737542,1484
random_tree_algorithms,random_tree,40,adaptive,LinearizedDp,9,0,1,3735750,142
random_tree_algorithms,random_tree,40,linearized_dp,LinearizedDp,9,0,1,267166,142
random_tree_algorithms,random_tree,40,goo_dp,GooDp,9,0,1,2037417,1893
random_tree_algorithms,random_tree,70,adaptive,LinearizedDp,0,0,1,8111541,118
random_tree_algorithms,random_tree,70,linearized_dp,LinearizedDp,0,0,1,845417,118
random_tree_algorithms,random_tree,70,goo_dp,GooDp,0,0,1,11259750,4196
random_tree_algorithms,random_tree,70,adaptive,LinearizedDp,1,0,1,8936792,75
random_tree_algorithms,random_tree,70,linearized_dp,LinearizedDp,1,0,1,845459,75
random_tree_algorithms,random_tree,70,goo_dp,GooDp,1,0,1,11828917,3943
random_tree_algorithms,random_tree,70,adaptive,LinearizedDp,2,0,1,7947459,99
random_tree_algorithms,random_tree,70,linearized_dp,LinearizedDp,2,0,1,863833,99
random_tree_algorithms,random_tree,70,goo_dp,GooDp,2,0,1,11074041,3905
random_tree_algorithms,random_tree,70,adaptive,LinearizedDp,3,0,1,8146625,85
random_tree_algorithms,random_tree,70,linearized_dp,LinearizedDp,3,0,1,940625,85
random_tree_algorithms,random_tree,70,goo_dp,GooDp,3,0,1,11752459,3959
random_tree_algorithms,random_tree,70,adaptive,LinearizedDp,4,0,1,6810500,91
random_tree_algorithms,random_tree,70,linearized_dp,LinearizedDp,4,0,1,850041,91
random_tree_algorithms,random_tree,70,goo_dp,GooDp,4,0,1,11244000,4142
random_tree_algorithms,random_tree,70,adaptive,LinearizedDp,5,0,1,9152500,99
random_tree_algorithms,random_tree,70,linearized_dp,LinearizedDp,5,0,1,859041,99
random_tree_algorithms,random_tree,70,goo_dp,GooDp,5,0,1,12342875,4422
random_tree_algorithms,random_tree,70,adaptive,LinearizedDp,6,0,1,7330125,86
random_tree_algorithms,random_tree,70,linearized_dp,LinearizedDp,6,0,1,817959,86
random_tree_algorithms,random_tree,70,goo_dp,GooDp,6,0,1,11137583,3951
random_tree_algorithms,random_tree,70,adaptive,LinearizedDp,7,0,1,7585750,175
random_tree_algorithms,random_tree,70,linearized_dp,LinearizedDp,7,0,1,911042,175
random_tree_algorithms,random_tree,70,goo_dp,GooDp,7,0,1,10714917,3486
random_tree_algorithms,random_tree,70,adaptive,LinearizedDp,8,0,1,6587000,84
random_tree_algorithms,random_tree,70,linearized_dp,LinearizedDp,8,0,1,953625,84
random_tree_algorithms,random_tree,70,goo_dp,GooDp,8,0,1,10758583,3502
random_tree_algorithms,random_tree,70,adaptive,LinearizedDp,9,0,1,8184291,232
random_tree_algorithms,random_tree,70,linearized_dp,LinearizedDp,9,0,1,952500,232
random_tree_algorithms,random_tree,70,goo_dp,GooDp,9,0,1,11005000,3805
random_tree_algorithms,random_tree,100,adaptive,LinearizedDp,0,0,1,13470833,148
random_tree_algorithms,random_tree,100,linearized_dp,LinearizedDp,0,0,1,2349250,148
random_tree_algorithms,random_tree,100,goo_dp,GooDp,0,0,1,42870125,7134
random_tree_algorithms,random_tree,100,adaptive,LinearizedDp,1,0,1,13970917,105
random_tree_algorithms,random_tree,100,linearized_dp,LinearizedDp,1,0,1,2277084,105
random_tree_algorithms,random_tree,100,goo_dp,GooDp,1,0,1,45349125,8863
random_tree_algorithms,random_tree,100,adaptive,LinearizedDp,2,0,1,13243250,131
random_tree_algorithms,random_tree,100,linearized_dp,LinearizedDp,2,0,1,2489667,131
random_tree_algorithms,random_tree,100,goo_dp,GooDp,2,0,1,43057625,6879
random_tree_algorithms,random_tree,100,adaptive,LinearizedDp,3,0,1,13158958,117
random_tree_algorithms,random_tree,100,linearized_dp,LinearizedDp,3,0,1,2466375,117
random_tree_algorithms,random_tree,100,goo_dp,GooDp,3,0,1,46258541,7781
random_tree_algorithms,random_tree,100,adaptive,LinearizedDp,4,0,1,13502542,121
random_tree_algorithms,random_tree,100,linearized_dp,LinearizedDp,4,0,1,2306208,121
random_tree_algorithms,random_tree,100,goo_dp,GooDp,4,0,1,41961708,6586
random_tree_algorithms,random_tree,100,adaptive,LinearizedDp,5,0,1,14387000,129
random_tree_algorithms,random_tree,100,linearized_dp,LinearizedDp,5,0,1,2351208,129
random_tree_algorithms,random_tree,100,goo_dp,GooDp,5,0,1,45158375,7504
random_tree_algorithms,random_tree,100,adaptive,LinearizedDp,6,0,1,13302250,118
random_tree_algorithms,random_tree,100,linearized_dp,LinearizedDp,6,0,1,2362417,118
random_tree_algorithms,random_tree,100,goo_dp,GooDp,6,0,1,43924667,7678
random_tree_algorithms,random_tree,100,adaptive,LinearizedDp,7,0,1,13747541,205
random_tree_algorithms,random_tree,100,linearized_dp,LinearizedDp,7,0,1,2684334,205
random_tree_algorithms,random_tree,100,goo_dp,GooDp,7,0,1,43249458,6597
random_tree_algorithms,random_tree,100,adaptive,LinearizedDp,8,0,1,12864042,121
random_tree_algorithms,random_tree,100,linearized_dp,LinearizedDp,8,0,1,2581458,121
random_tree_algorithms,random_tree,100,goo_dp,GooDp,8,0,1,44020542,7614
random_tree_algorithms,random_tree,100,adaptive,LinearizedDp,9,0,1,13924584,290
random_tree_algorithms,random_tree,100,linearized_dp,LinearizedDp,9,0,1,2573000,290
random_tree_algorithms,random_tree,100,goo_dp,GooDp,9,0,1,44656833,7463
random_tree_algorithms,random_tree,128,adaptive,GooDp,0,0,1,110371500,9804
random_tree_algorithms,random_tree,128,linearized_dp,LinearizedDp,0,0,1,4872125,176
random_tree_algorithms,random_tree,128,goo_dp,GooDp,0,0,1,110517041,9804
random_tree_algorithms,random_tree,128,adaptive,GooDp,1,0,1,113019375,10156
random_tree_algorithms,random_tree,128,linearized_dp,LinearizedDp,1,0,1,4896042,133
random_tree_algorithms,random_tree,128,goo_dp,GooDp,1,0,1,113943166,10156
random_tree_algorithms,random_tree,128,adaptive,GooDp,2,0,1,115388250,12238
random_tree_algorithms,random_tree,128,linearized_dp,LinearizedDp,2,0,1,5372709,159
random_tree_algorithms,random_tree,128,goo_dp,GooDp,2,0,1,115488166,12238
random_tree_algorithms,random_tree,128,adaptive,GooDp,3,0,1,114227875,11173
random_tree_algorithms,random_tree,128,linearized_dp,LinearizedDp,3,0,1,4716750,145
random_tree_algorithms,random_tree,128,goo_dp,GooDp,3,0,1,113713375,11173
random_tree_algorithms,random_tree,128,adaptive,GooDp,4,0,1,113105416,10424
random_tree_algorithms,random_tree,128,linearized_dp,LinearizedDp,4,0,1,4930291,151
random_tree_algorithms,random_tree,128,goo_dp,GooDp,4,0,1,113331750,10424
random_tree_algorithms,random_tree,128,adaptive,GooDp,5,0,1,116608292,10591
random_tree_algorithms,random_tree,128,linearized_dp,LinearizedDp,5,0,1,4973459,157
random_tree_algorithms,random_tree,128,goo_dp,GooDp,5,0,1,117678542,10591
random_tree_algorithms,random_tree,128,adaptive,GooDp,6,0,1,112649625,10949
random_tree_algorithms,random_tree,128,linearized_dp,LinearizedDp,6,0,1,4704333,146
random_tree_algorithms,random_tree,128,goo_dp,GooDp,6,0,1,113163708,10949
random_tree_algorithms,random_tree,128,adaptive,GooDp,7,0,1,116078875,10809
random_tree_algorithms,random_tree,128,linearized_dp,LinearizedDp,7,0,1,5059250,233
random_tree_algorithms,random_tree,128,goo_dp,GooDp,7,0,1,115787042,10809
random_tree_algorithms,random_tree,128,adaptive,GooDp,8,0,1,113505833,10747
random_tree_algorithms,random_tree,128,linearized_dp,LinearizedDp,8,0,1,4898792,149
random_tree_algorithms,random_tree,128,goo_dp,GooDp,8,0,1,113257666,10747
random_tree_algorithms,random_tree,128,adaptive,GooDp,9,0,1,115830917,11288
random_tree_algorithms,random_tree,128,linearized_dp,LinearizedDp,9,0,1,5430542,318
random_tree_algorithms,random_tree,128,goo_dp,GooDp,9,0,1,115886333,11288
random_tree_algorithms,random_tree,192,adaptive,GooDp,0,0,1,642990500,21533
random_tree_algorithms,random_tree,192,linearized_dp,LinearizedDp,0,0,1,15595458,242
random_tree_algorithms,random_tree,192,goo_dp,GooDp,0,0,1,635691792,21533
random_tree_algorithms,random_tree,192,adaptive,GooDp,1,0,1,634388958,22240
random_tree_algorithms,random_tree,192,linearized_dp,LinearizedDp,1,0,1,15236250,197
random_tree_algorithms,random_tree,192,goo_dp,GooDp,1,0,1,632610459,22240
random_tree_algorithms,random_tree,192,adaptive,GooDp,2,0,1,608215709,22410
random_tree_algorithms,random_tree,192,linearized_dp,LinearizedDp,2,0,1,15657334,223
random_tree_algorithms,random_tree,192,goo_dp,GooDp,2,0,1,613628000,22410
random_tree_algorithms,random_tree,192,adaptive,GooDp,3,0,1,661685458,22924
random_tree_algorithms,random_tree,192,linearized_dp,LinearizedDp,3,0,1,15947625,211
random_tree_algorithms,random_tree,192,goo_dp,GooDp,3,0,1,660893583,22924
random_tree_algorithms,random_tree,192,adaptive,GooDp,4,0,1,664073750,23180
random_tree_algorithms,random_tree,192,linearized_dp,LinearizedDp,4,0,1,15746291,215
random_tree_algorithms,random_tree,192,goo_dp,GooDp,4,0,1,664476833,23180
random_tree_algorithms,random_tree,192,adaptive,GooDp,5,0,1,658313292,23984
random_tree_algorithms,random_tree,192,linearized_dp,LinearizedDp,5,0,1,15792250,221
random_tree_algorithms,random_tree,192,goo_dp,GooDp,5,0,1,657203292,23984
random_tree_algorithms,random_tree,192,adaptive,GooDp,6,0,1,629615667,21614
random_tree_algorithms,random_tree,192,linearized_dp,LinearizedDp,6,0,1,16009667,210
random_tree_algorithms,random_tree,192,goo_dp,GooDp,6,0,1,629182084,21614
random_tree_algorithms,random_tree,192,adaptive,GooDp,7,0,1,634856500,22753
random_tree_algorithms,random_tree,192,linearized_dp,LinearizedDp,7,0,1,15875000,297
random_tree_algorithms,random_tree,192,goo_dp,GooDp,7,0,1,635812125,22753
random_tree_algorithms,random_tree,192,adaptive,GooDp,8,0,1,631327834,23248
random_tree_algorithms,random_tree,192,linearized_dp,LinearizedDp,8,0,1,15786083,213
random_tree_algorithms,random_tree,192,goo_dp,GooDp,8,0,1,631412834,23248
random_tree_algorithms,random_tree,192,adaptive,GooDp,9,0,1,651526458,24481
random_tree_algorithms,random_tree,192,linearized_dp,LinearizedDp,9,0,1,16547834,382
random_tree_algorithms,random_tree,192,goo_dp,GooDp,9,0,1,649761375,24481
random_tree_algorithms,random_tree,256,adaptive,GooDp,0,0,1,2314117541,36777
random_tree_algorithms,random_tree,256,linearized_dp,LinearizedDp,0,0,1,36762542,306
random_tree_algorithms,random_tree,256,goo_dp,GooDp,0,0,1,2314940708,36777
random_tree_algorithms,random_tree,256,adaptive,GooDp,1,0,1,2363991375,38496
random_tree_algorithms,random_tree,256,linearized_dp,LinearizedDp,1,0,1,36773334,263
random_tree_algorithms,random_tree,256,goo_dp,GooDp,1,0,1,2363736250,38496
random_tree_algorithms,random_tree,256,adaptive,GooDp,2,0,1,2247534000,38753
random_tree_algorithms,random_tree,256,linearized_dp,LinearizedDp,2,0,1,36276667,289
random_tree_algorithms,random_tree,256,goo_dp,GooDp,2,0,1,2255795292,38753
random_tree_algorithms,random_tree,256,adaptive,GooDp,3,0,1,2300875292,37670
random_tree_algorithms,random_tree,256,linearized_dp,LinearizedDp,3,0,1,36340125,277
random_tree_algorithms,random_tree,256,goo_dp,GooDp,3,0,1,2266394208,37670
random_tree_algorithms,random_tree,256,adaptive,GooDp,4,0,1,2407145083,39080
random_tree_algorithms,random_tree,256,linearized_dp,LinearizedDp,4,0,1,36578166,279
random_tree_algorithms,random_tree,256,goo_dp,GooDp,4,0,1,2407135084,39080
random_tree_algorithms,random_tree,256,adaptive,GooDp,5,0,1,2353833416,38645
random_tree_algorithms,random_tree,256,linearized_dp,LinearizedDp,5,0,1,36577041,285
random_tree_algorithms,random_tree,256,goo_dp,GooDp,5,0,1,2334982542,38645
random_tree_algorithms,random_tree,256,adaptive,GooDp,6,0,1,2332683708,38463
random_tree_algorithms,random_tree,256,linearized_dp,LinearizedDp,6,0,1,36605500,274
random_tree_algorithms,random_tree,256,goo_dp,GooDp,6,0,1,2331662292,38463
random_tree_algorithms,random_tree,256,adaptive,GooDp,7,0,1,2269324416,39377
random_tree_algorithms,random_tree,256,linearized_dp,LinearizedDp,7,0,1,37229500,361
random_tree_algorithms,random_tree,256,goo_dp,GooDp,7,0,1,2270826709,39377
random_tree_algorithms,random_tree,256,adaptive,GooDp,8,0,1,2346221667,38731
random_tree_algorithms,random_tree,256,linearized_dp,LinearizedDp,8,0,1,36869042,277
random_tree_algorithms,random_tree,256,goo_dp,GooDp,8,0,1,2340849750,38731
random_tree_algorithms,random_tree,256,adaptive,GooDp,9,0,1,2385887542,37958
random_tree_algorithms,random_tree,256,linearized_dp,LinearizedDp,9,0,1,37328042,446
random_tree_algorithms,random_tree,256,goo_dp,GooDp,9,0,1,2419318000,37958
random_tree_algorithms,random_tree,10,dphyp,DpHyp,0,0,1,249750,464
random_tree_algorithms,random_tree,10,dphyp,DpHyp,1,0,1,377166,873
random_tree_algorithms,random_tree,10,dphyp,DpHyp,2,0,1,129542,240
random_tree_algorithms,random_tree,10,dphyp,DpHyp,3,0,1,215208,426
random_tree_algorithms,random_tree,10,dphyp,DpHyp,4,0,1,232750,482
random_tree_algorithms,random_tree,10,dphyp,DpHyp,5,0,1,203666,417
random_tree_algorithms,random_tree,10,dphyp,DpHyp,6,0,1,303209,654
random_tree_algorithms,random_tree,10,dphyp,DpHyp,7,0,1,179166,345
random_tree_algorithms,random_tree,10,dphyp,DpHyp,8,0,1,394833,869
random_tree_algorithms,random_tree,10,dphyp,DpHyp,9,0,1,177083,293
random_tree_algorithms,random_tree,12,dphyp,DpHyp,0,0,1,732666,1440
random_tree_algorithms,random_tree,12,dphyp,DpHyp,1,0,1,1555375,3617
random_tree_algorithms,random_tree,12,dphyp,DpHyp,2,0,1,239458,490
random_tree_algorithms,random_tree,12,dphyp,DpHyp,3,0,1,733083,1712
random_tree_algorithms,random_tree,12,dphyp,DpHyp,4,0,1,607833,1354
random_tree_algorithms,random_tree,12,dphyp,DpHyp,5,0,1,492625,1006
random_tree_algorithms,random_tree,12,dphyp,DpHyp,6,0,1,727833,1498
random_tree_algorithms,random_tree,12,dphyp,DpHyp,7,0,1,441209,874
random_tree_algorithms,random_tree,12,dphyp,DpHyp,8,0,1,1151667,2383
random_tree_algorithms,random_tree,12,dphyp,DpHyp,9,0,1,419708,886
random_tree_algorithms,random_tree,14,dphyp,DpHyp,0,0,1,1540875,2964
random_tree_algorithms,random_tree,14,dphyp,DpHyp,1,0,1,4239875,9219
random_tree_algorithms,random_tree,14,dphyp,DpHyp,2,0,1,819417,1572
random_tree_algorithms,random_tree,14,dphyp,DpHyp,3,0,1,2855833,5409
random_tree_algorithms,random_tree,14,dphyp,DpHyp,4,0,1,2009167,4039
random_tree_algorithms,random_tree,14,dphyp,DpHyp,5,0,1,1431459,2815
random_tree_algorithms,random_tree,14,dphyp,DpHyp,6,0,1,1850208,3624
random_tree_algorithms,random_tree,14,dphyp,DpHyp,7,0,1,1401417,2641
random_tree_algorithms,random_tree,14,dphyp,DpHyp,8,0,1,2581208,5005
random_tree_algorithms,random_tree,14,dphyp,DpHyp,9,0,1,1185333,2419
random_tree_algorithms,random_tree,16,dphyp,DpHyp,0,0,1,3690167,7006
random_tree_algorithms,random_tree,16,dphyp,DpHyp,1,0,1,13761917,27702
random_tree_algorithms,random_tree,16,dphyp,DpHyp,2,0,1,1760458,3319
random_tree_algorithms,random_tree,16,dphyp,DpHyp,3,0,1,7720875,14569
random_tree_algorithms,random_tree,16,dphyp,DpHyp,4,0,1,6610042,13052
random_tree_algorithms,random_tree,16,dphyp,DpHyp,5,0,1,3893000,7642
random_tree_algorithms,random_tree,16,dphyp,DpHyp,6,0,1,3842750,7837
random_tree_algorithms,random_tree,16,dphyp,DpHyp,7,0,1,4171375,7589
random_tree_algorithms,random_tree,16,dphyp,DpHyp,8,0,1,8668333,17294
random_tree_algorithms,random_tree,16,dphyp,DpHyp,9,0,1,2699709,5360
random_tree_algorithms,random_tree,18,dphyp,DpHyp,0,0,1,8646834,16358
random_tree_algorithms,random_tree,18,dphyp,DpHyp,1,0,1,42624708,80869
random_tree_algorithms,random_tree,18,dphyp,DpHyp,2,0,1,6222959,11662
random_tree_algorithms,random_tree,18,dphyp,DpHyp,3,0,1,16758834,31073
random_tree_algorithms,random_tree,18,dphyp,DpHyp,4,0,1,22332292,40481
random_tree_algorithms,random_tree,18,dphyp,DpHyp,5,0,1,11584500,22298
random_tree_algorithms,random_tree,18,dphyp,DpHyp,6,0,1,10924541,20359
random_tree_algorithms,random_tree,18,dphyp,DpHyp,7,0,1,13325292,25766
random_tree_algorithms,random_tree,18,dphyp,DpHyp,8,0,1,23799167,43586
random_tree_algorithms,random_tree,18,dphyp,DpHyp,9,0,1,8198584,15153
adaptive_topologies,chain,10,adaptive,DpHyp,0,0,1,97458,165
adaptive_topologies,star,10,adaptive,DpHyp,0,0,1,1725208,2304
adaptive_topologies,chain,20,adaptive,DpHyp,0,0,1,815792,1330
adaptive_topologies,star,20,adaptive,LinearizedDp,0,0,1,2068000,19
adaptive_topologies,chain,30,adaptive,DpHyp,0,0,1,3345792,4495
adaptive_topologies,star,30,adaptive,LinearizedDp,0,0,1,2639167,29
adaptive_topologies,chain,40,adaptive,DpHyp,0,0,1,8824958,10660
adaptive_topologies,star,40,adaptive,LinearizedDp,0,0,1,3636875,39
adaptive_topologies,chain,70,adaptive,DpHyp,0,0,1,78782292,57155
adaptive_topologies,star,70,adaptive,LinearizedDp,0,0,1,8446208,69
adaptive_topologies,chain,100,adaptive,DpHyp,0,0,1,374244333,166650
adaptive_topologies,star,100,adaptive,LinearizedDp,0,0,1,12978916,99
adaptive_topologies,chain,128,adaptive,GooDp,0,0,1,138953708,9487
adaptive_topologies,star,128,adaptive,GooDp,0,0,1,93592542,10550
adaptive_topologies,chain,192,adaptive,GooDp,0,0,1,905801417,20375
adaptive_topologies,star,192,adaptive,GooDp,0,0,1,443313458,20822
adaptive_topologies,clique,10,adaptive,DpHyp,0,0,1,105122500,83653
adaptive_topologies,clique,20,adaptive,LinearizedDp,0,0,1,18996125,1330
adaptive_topologies,clique,30,adaptive,LinearizedDp,0,0,1,47196834,4495
adaptive_topologies,clique,40,adaptive,LinearizedDp,0,0,1,102951500,10660
adaptive_topologies,clique,70,adaptive,LinearizedDp,0,0,1,865756916,57155
relation_set,mixed_set_ops,32,borrowed_union,Inline64,0,0,20000,58416,0
relation_set,mixed_set_ops,32,allocating_assign,Inline64,0,0,20000,113541,0
relation_set,mixed_set_ops,32,in_place_assign,Inline64,0,0,20000,51542,0
relation_set,set_build,32,incremental_with,Inline64,0,0,500,46500,0
relation_set,set_build,32,from_iter,Inline64,0,0,500,18500,0
relation_set,mixed_set_ops,32,borrowed_union,Inline64,0,1,20000,49209,0
relation_set,mixed_set_ops,32,allocating_assign,Inline64,0,1,20000,108000,0
relation_set,mixed_set_ops,32,in_place_assign,Inline64,0,1,20000,51750,0
relation_set,set_build,32,incremental_with,Inline64,0,1,500,42958,0
relation_set,set_build,32,from_iter,Inline64,0,1,500,18375,0
relation_set,mixed_set_ops,32,borrowed_union,Inline64,0,2,20000,49333,0
relation_set,mixed_set_ops,32,allocating_assign,Inline64,0,2,20000,108000,0
relation_set,mixed_set_ops,32,in_place_assign,Inline64,0,2,20000,51333,0
relation_set,set_build,32,incremental_with,Inline64,0,2,500,43000,0
relation_set,set_build,32,from_iter,Inline64,0,2,500,18292,0
relation_set,mixed_set_ops,32,borrowed_union,Inline64,0,3,20000,49250,0
relation_set,mixed_set_ops,32,allocating_assign,Inline64,0,3,20000,107958,0
relation_set,mixed_set_ops,32,in_place_assign,Inline64,0,3,20000,51000,0
relation_set,set_build,32,incremental_with,Inline64,0,3,500,43500,0
relation_set,set_build,32,from_iter,Inline64,0,3,500,18208,0
relation_set,mixed_set_ops,32,borrowed_union,Inline64,0,4,20000,49250,0
relation_set,mixed_set_ops,32,allocating_assign,Inline64,0,4,20000,107959,0
relation_set,mixed_set_ops,32,in_place_assign,Inline64,0,4,20000,51667,0
relation_set,set_build,32,incremental_with,Inline64,0,4,500,43417,0
relation_set,set_build,32,from_iter,Inline64,0,4,500,18250,0
relation_set,mixed_set_ops,63,borrowed_union,Inline64,0,0,20000,49250,0
relation_set,mixed_set_ops,63,allocating_assign,Inline64,0,0,20000,108042,0
relation_set,mixed_set_ops,63,in_place_assign,Inline64,0,0,20000,50542,0
relation_set,set_build,63,incremental_with,Inline64,0,0,500,85709,0
relation_set,set_build,63,from_iter,Inline64,0,0,500,32750,0
relation_set,mixed_set_ops,63,borrowed_union,Inline64,0,1,20000,49334,0
relation_set,mixed_set_ops,63,allocating_assign,Inline64,0,1,20000,107958,0
relation_set,mixed_set_ops,63,in_place_assign,Inline64,0,1,20000,51167,0
relation_set,set_build,63,incremental_with,Inline64,0,1,500,86750,0
relation_set,set_build,63,from_iter,Inline64,0,1,500,32625,0
relation_set,mixed_set_ops,63,borrowed_union,Inline64,0,2,20000,50916,0
relation_set,mixed_set_ops,63,allocating_assign,Inline64,0,2,20000,108000,0
relation_set,mixed_set_ops,63,in_place_assign,Inline64,0,2,20000,51125,0
relation_set,set_build,63,incremental_with,Inline64,0,2,500,86917,0
relation_set,set_build,63,from_iter,Inline64,0,2,500,32583,0
relation_set,mixed_set_ops,63,borrowed_union,Inline64,0,3,20000,49250,0
relation_set,mixed_set_ops,63,allocating_assign,Inline64,0,3,20000,108125,0
relation_set,mixed_set_ops,63,in_place_assign,Inline64,0,3,20000,51042,0
relation_set,set_build,63,incremental_with,Inline64,0,3,500,85708,0
relation_set,set_build,63,from_iter,Inline64,0,3,500,32667,0
relation_set,mixed_set_ops,63,borrowed_union,Inline64,0,4,20000,49334,0
relation_set,mixed_set_ops,63,allocating_assign,Inline64,0,4,20000,107958,0
relation_set,mixed_set_ops,63,in_place_assign,Inline64,0,4,20000,51125,0
relation_set,set_build,63,incremental_with,Inline64,0,4,500,86625,0
relation_set,set_build,63,from_iter,Inline64,0,4,500,32667,0
relation_set,mixed_set_ops,64,borrowed_union,Inline64,0,0,20000,49292,0
relation_set,mixed_set_ops,64,allocating_assign,Inline64,0,0,20000,108042,0
relation_set,mixed_set_ops,64,in_place_assign,Inline64,0,0,20000,58708,0
relation_set,set_build,64,incremental_with,Inline64,0,0,500,85834,0
relation_set,set_build,64,from_iter,Inline64,0,0,500,32458,0
relation_set,mixed_set_ops,64,borrowed_union,Inline64,0,1,20000,49250,0
relation_set,mixed_set_ops,64,allocating_assign,Inline64,0,1,20000,117083,0
relation_set,mixed_set_ops,64,in_place_assign,Inline64,0,1,20000,50417,0
relation_set,set_build,64,incremental_with,Inline64,0,1,500,85709,0
relation_set,set_build,64,from_iter,Inline64,0,1,500,32500,0
relation_set,mixed_set_ops,64,borrowed_union,Inline64,0,2,20000,60709,0
relation_set,mixed_set_ops,64,allocating_assign,Inline64,0,2,20000,108125,0
relation_set,mixed_set_ops,64,in_place_assign,Inline64,0,2,20000,51167,0
relation_set,set_build,64,incremental_with,Inline64,0,2,500,85625,0
relation_set,set_build,64,from_iter,Inline64,0,2,500,32375,0
relation_set,mixed_set_ops,64,borrowed_union,Inline64,0,3,20000,49250,0
relation_set,mixed_set_ops,64,allocating_assign,Inline64,0,3,20000,107958,0
relation_set,mixed_set_ops,64,in_place_assign,Inline64,0,3,20000,51000,0
relation_set,set_build,64,incremental_with,Inline64,0,3,500,85959,0
relation_set,set_build,64,from_iter,Inline64,0,3,500,33500,0
relation_set,mixed_set_ops,64,borrowed_union,Inline64,0,4,20000,50667,0
relation_set,mixed_set_ops,64,allocating_assign,Inline64,0,4,20000,114584,0
relation_set,mixed_set_ops,64,in_place_assign,Inline64,0,4,20000,52833,0
relation_set,set_build,64,incremental_with,Inline64,0,4,500,106750,0
relation_set,set_build,64,from_iter,Inline64,0,4,500,36958,0
relation_set,mixed_set_ops,65,borrowed_union,Dynamic,0,0,20000,555250,0
relation_set,mixed_set_ops,65,allocating_assign,Dynamic,0,0,20000,552208,0
relation_set,mixed_set_ops,65,in_place_assign,Dynamic,0,0,20000,57250,0
relation_set,set_build,65,incremental_with,Dynamic,0,0,500,105292,0
relation_set,set_build,65,from_iter,Dynamic,0,0,500,65542,0
relation_set,mixed_set_ops,65,borrowed_union,Dynamic,0,1,20000,476041,0
relation_set,mixed_set_ops,65,allocating_assign,Dynamic,0,1,20000,503084,0
relation_set,mixed_set_ops,65,in_place_assign,Dynamic,0,1,20000,57208,0
relation_set,set_build,65,incremental_with,Dynamic,0,1,500,105083,0
relation_set,set_build,65,from_iter,Dynamic,0,1,500,61334,0
relation_set,mixed_set_ops,65,borrowed_union,Dynamic,0,2,20000,465666,0
relation_set,mixed_set_ops,65,allocating_assign,Dynamic,0,2,20000,454084,0
relation_set,mixed_set_ops,65,in_place_assign,Dynamic,0,2,20000,57166,0
relation_set,set_build,65,incremental_with,Dynamic,0,2,500,105292,0
relation_set,set_build,65,from_iter,Dynamic,0,2,500,61459,0
relation_set,mixed_set_ops,65,borrowed_union,Dynamic,0,3,20000,465666,0
relation_set,mixed_set_ops,65,allocating_assign,Dynamic,0,3,20000,460042,0
relation_set,mixed_set_ops,65,in_place_assign,Dynamic,0,3,20000,58958,0
relation_set,set_build,65,incremental_with,Dynamic,0,3,500,109209,0
relation_set,set_build,65,from_iter,Dynamic,0,3,500,63583,0
relation_set,mixed_set_ops,65,borrowed_union,Dynamic,0,4,20000,478750,0
relation_set,mixed_set_ops,65,allocating_assign,Dynamic,0,4,20000,467292,0
relation_set,mixed_set_ops,65,in_place_assign,Dynamic,0,4,20000,58791,0
relation_set,set_build,65,incremental_with,Dynamic,0,4,500,109500,0
relation_set,set_build,65,from_iter,Dynamic,0,4,500,63291,0
relation_set,mixed_set_ops,127,borrowed_union,Dynamic,0,0,20000,497292,0
relation_set,mixed_set_ops,127,allocating_assign,Dynamic,0,0,20000,475458,0
relation_set,mixed_set_ops,127,in_place_assign,Dynamic,0,0,20000,68667,0
relation_set,set_build,127,incremental_with,Dynamic,0,0,500,1065500,0
relation_set,set_build,127,from_iter,Dynamic,0,0,500,76583,0
relation_set,mixed_set_ops,127,borrowed_union,Dynamic,0,1,20000,540584,0
relation_set,mixed_set_ops,127,allocating_assign,Dynamic,0,1,20000,497625,0
relation_set,mixed_set_ops,127,in_place_assign,Dynamic,0,1,20000,79875,0
relation_set,set_build,127,incremental_with,Dynamic,0,1,500,1127792,0
relation_set,set_build,127,from_iter,Dynamic,0,1,500,84500,0
relation_set,mixed_set_ops,127,borrowed_union,Dynamic,0,2,20000,509625,0
relation_set,mixed_set_ops,127,allocating_assign,Dynamic,0,2,20000,479333,0
relation_set,mixed_set_ops,127,in_place_assign,Dynamic,0,2,20000,77708,0
relation_set,set_build,127,incremental_with,Dynamic,0,2,500,1013083,0
relation_set,set_build,127,from_iter,Dynamic,0,2,500,78583,0
relation_set,mixed_set_ops,127,borrowed_union,Dynamic,0,3,20000,493250,0
relation_set,mixed_set_ops,127,allocating_assign,Dynamic,0,3,20000,469625,0
relation_set,mixed_set_ops,127,in_place_assign,Dynamic,0,3,20000,68541,0
relation_set,set_build,127,incremental_with,Dynamic,0,3,500,1028500,0
relation_set,set_build,127,from_iter,Dynamic,0,3,500,78542,0
relation_set,mixed_set_ops,127,borrowed_union,Dynamic,0,4,20000,506167,0
relation_set,mixed_set_ops,127,allocating_assign,Dynamic,0,4,20000,473042,0
relation_set,mixed_set_ops,127,in_place_assign,Dynamic,0,4,20000,68542,0
relation_set,set_build,127,incremental_with,Dynamic,0,4,500,1042583,0
relation_set,set_build,127,from_iter,Dynamic,0,4,500,81250,0
relation_set,mixed_set_ops,128,borrowed_union,Dynamic,0,0,20000,607084,0
relation_set,mixed_set_ops,128,allocating_assign,Dynamic,0,0,20000,469750,0
relation_set,mixed_set_ops,128,in_place_assign,Dynamic,0,0,20000,68625,0
relation_set,set_build,128,incremental_with,Dynamic,0,0,500,1174375,0
relation_set,set_build,128,from_iter,Dynamic,0,0,500,82834,0
relation_set,mixed_set_ops,128,borrowed_union,Dynamic,0,1,20000,511500,0
relation_set,mixed_set_ops,128,allocating_assign,Dynamic,0,1,20000,495583,0
relation_set,mixed_set_ops,128,in_place_assign,Dynamic,0,1,20000,73583,0
relation_set,set_build,128,incremental_with,Dynamic,0,1,500,1082709,0
relation_set,set_build,128,from_iter,Dynamic,0,1,500,77875,0
relation_set,mixed_set_ops,128,borrowed_union,Dynamic,0,2,20000,502000,0
relation_set,mixed_set_ops,128,allocating_assign,Dynamic,0,2,20000,469833,0
relation_set,mixed_set_ops,128,in_place_assign,Dynamic,0,2,20000,71042,0
relation_set,set_build,128,incremental_with,Dynamic,0,2,500,1097875,0
relation_set,set_build,128,from_iter,Dynamic,0,2,500,77834,0
relation_set,mixed_set_ops,128,borrowed_union,Dynamic,0,3,20000,493083,0
relation_set,mixed_set_ops,128,allocating_assign,Dynamic,0,3,20000,493792,0
relation_set,mixed_set_ops,128,in_place_assign,Dynamic,0,3,20000,77500,0
relation_set,set_build,128,incremental_with,Dynamic,0,3,500,1199542,0
relation_set,set_build,128,from_iter,Dynamic,0,3,500,90250,0
relation_set,mixed_set_ops,128,borrowed_union,Dynamic,0,4,20000,493958,0
relation_set,mixed_set_ops,128,allocating_assign,Dynamic,0,4,20000,497834,0
relation_set,mixed_set_ops,128,in_place_assign,Dynamic,0,4,20000,68625,0
relation_set,set_build,128,incremental_with,Dynamic,0,4,500,1152208,0
relation_set,set_build,128,from_iter,Dynamic,0,4,500,82917,0
relation_set,mixed_set_ops,129,borrowed_union,Dynamic,0,0,20000,541958,0
relation_set,mixed_set_ops,129,allocating_assign,Dynamic,0,0,20000,504958,0
relation_set,mixed_set_ops,129,in_place_assign,Dynamic,0,0,20000,76417,0
relation_set,set_build,129,incremental_with,Dynamic,0,0,500,1107083,0
relation_set,set_build,129,from_iter,Dynamic,0,0,500,54000,0
relation_set,mixed_set_ops,129,borrowed_union,Dynamic,0,1,20000,528708,0
relation_set,mixed_set_ops,129,allocating_assign,Dynamic,0,1,20000,510084,0
relation_set,mixed_set_ops,129,in_place_assign,Dynamic,0,1,20000,76541,0
relation_set,set_build,129,incremental_with,Dynamic,0,1,500,1111334,0
relation_set,set_build,129,from_iter,Dynamic,0,1,500,53750,0
relation_set,mixed_set_ops,129,borrowed_union,Dynamic,0,2,20000,583250,0
relation_set,mixed_set_ops,129,allocating_assign,Dynamic,0,2,20000,569500,0
relation_set,mixed_set_ops,129,in_place_assign,Dynamic,0,2,20000,84167,0
relation_set,set_build,129,incremental_with,Dynamic,0,2,500,1165625,0
relation_set,set_build,129,from_iter,Dynamic,0,2,500,54708,0
relation_set,mixed_set_ops,129,borrowed_union,Dynamic,0,3,20000,585542,0
relation_set,mixed_set_ops,129,allocating_assign,Dynamic,0,3,20000,525083,0
relation_set,mixed_set_ops,129,in_place_assign,Dynamic,0,3,20000,76667,0
relation_set,set_build,129,incremental_with,Dynamic,0,3,500,1123208,0
relation_set,set_build,129,from_iter,Dynamic,0,3,500,53917,0
relation_set,mixed_set_ops,129,borrowed_union,Dynamic,0,4,20000,540125,0
relation_set,mixed_set_ops,129,allocating_assign,Dynamic,0,4,20000,502041,0
relation_set,mixed_set_ops,129,in_place_assign,Dynamic,0,4,20000,76834,0
relation_set,set_build,129,incremental_with,Dynamic,0,4,500,1114000,0
relation_set,set_build,129,from_iter,Dynamic,0,4,500,57916,0
relation_set,mixed_set_ops,256,borrowed_union,Dynamic,0,0,20000,549417,0
relation_set,mixed_set_ops,256,allocating_assign,Dynamic,0,0,20000,559458,0
relation_set,mixed_set_ops,256,in_place_assign,Dynamic,0,0,20000,119292,0
relation_set,set_build,256,incremental_with,Dynamic,0,0,500,3371333,0
relation_set,set_build,256,from_iter,Dynamic,0,0,500,81875,0
relation_set,mixed_set_ops,256,borrowed_union,Dynamic,0,1,20000,574000,0
relation_set,mixed_set_ops,256,allocating_assign,Dynamic,0,1,20000,533792,0
relation_set,mixed_set_ops,256,in_place_assign,Dynamic,0,1,20000,133458,0
relation_set,set_build,256,incremental_with,Dynamic,0,1,500,3240500,0
relation_set,set_build,256,from_iter,Dynamic,0,1,500,77750,0
relation_set,mixed_set_ops,256,borrowed_union,Dynamic,0,2,20000,567792,0
relation_set,mixed_set_ops,256,allocating_assign,Dynamic,0,2,20000,604417,0
relation_set,mixed_set_ops,256,in_place_assign,Dynamic,0,2,20000,135166,0
relation_set,set_build,256,incremental_with,Dynamic,0,2,500,3257917,0
relation_set,set_build,256,from_iter,Dynamic,0,2,500,76000,0
relation_set,mixed_set_ops,256,borrowed_union,Dynamic,0,3,20000,534292,0
relation_set,mixed_set_ops,256,allocating_assign,Dynamic,0,3,20000,542042,0
relation_set,mixed_set_ops,256,in_place_assign,Dynamic,0,3,20000,131791,0
relation_set,set_build,256,incremental_with,Dynamic,0,3,500,3133084,0
relation_set,set_build,256,from_iter,Dynamic,0,3,500,88250,0
relation_set,mixed_set_ops,256,borrowed_union,Dynamic,0,4,20000,672208,0
relation_set,mixed_set_ops,256,allocating_assign,Dynamic,0,4,20000,537417,0
relation_set,mixed_set_ops,256,in_place_assign,Dynamic,0,4,20000,116292,0
relation_set,set_build,256,incremental_with,Dynamic,0,4,500,3223583,0
relation_set,set_build,256,from_iter,Dynamic,0,4,500,77709,0
relation_set,mixed_set_ops,512,borrowed_union,Dynamic,0,0,20000,594875,0
relation_set,mixed_set_ops,512,allocating_assign,Dynamic,0,0,20000,593250,0
relation_set,mixed_set_ops,512,in_place_assign,Dynamic,0,0,20000,129208,0
relation_set,set_build,512,incremental_with,Dynamic,0,0,500,7600625,0
relation_set,set_build,512,from_iter,Dynamic,0,0,500,189542,0
relation_set,mixed_set_ops,512,borrowed_union,Dynamic,0,1,20000,588417,0
relation_set,mixed_set_ops,512,allocating_assign,Dynamic,0,1,20000,589875,0
relation_set,mixed_set_ops,512,in_place_assign,Dynamic,0,1,20000,132292,0
relation_set,set_build,512,incremental_with,Dynamic,0,1,500,7867708,0
relation_set,set_build,512,from_iter,Dynamic,0,1,500,169833,0
relation_set,mixed_set_ops,512,borrowed_union,Dynamic,0,2,20000,610958,0
relation_set,mixed_set_ops,512,allocating_assign,Dynamic,0,2,20000,590167,0
relation_set,mixed_set_ops,512,in_place_assign,Dynamic,0,2,20000,129250,0
relation_set,set_build,512,incremental_with,Dynamic,0,2,500,7952583,0
relation_set,set_build,512,from_iter,Dynamic,0,2,500,169708,0
relation_set,mixed_set_ops,512,borrowed_union,Dynamic,0,3,20000,620333,0
relation_set,mixed_set_ops,512,allocating_assign,Dynamic,0,3,20000,684791,0
relation_set,mixed_set_ops,512,in_place_assign,Dynamic,0,3,20000,136875,0
relation_set,set_build,512,incremental_with,Dynamic,0,3,500,7929875,0
relation_set,set_build,512,from_iter,Dynamic,0,3,500,180500,0
relation_set,mixed_set_ops,512,borrowed_union,Dynamic,0,4,20000,621458,0
relation_set,mixed_set_ops,512,allocating_assign,Dynamic,0,4,20000,606542,0
relation_set,mixed_set_ops,512,in_place_assign,Dynamic,0,4,20000,131167,0
relation_set,set_build,512,incremental_with,Dynamic,0,4,500,7813708,0
relation_set,set_build,512,from_iter,Dynamic,0,4,500,170083,0
relation_set,mixed_set_ops,1024,borrowed_union,Dynamic,0,0,20000,937167,0
relation_set,mixed_set_ops,1024,allocating_assign,Dynamic,0,0,20000,766792,0
relation_set,mixed_set_ops,1024,in_place_assign,Dynamic,0,0,20000,255416,0
relation_set,set_build,1024,incremental_with,Dynamic,0,0,500,17291417,0
relation_set,set_build,1024,from_iter,Dynamic,0,0,500,318042,0
relation_set,mixed_set_ops,1024,borrowed_union,Dynamic,0,1,20000,855083,0
relation_set,mixed_set_ops,1024,allocating_assign,Dynamic,0,1,20000,767542,0
relation_set,mixed_set_ops,1024,in_place_assign,Dynamic,0,1,20000,237792,0
relation_set,set_build,1024,incremental_with,Dynamic,0,1,500,17476708,0
relation_set,set_build,1024,from_iter,Dynamic,0,1,500,339125,0
relation_set,mixed_set_ops,1024,borrowed_union,Dynamic,0,2,20000,881458,0
relation_set,mixed_set_ops,1024,allocating_assign,Dynamic,0,2,20000,857167,0
relation_set,mixed_set_ops,1024,in_place_assign,Dynamic,0,2,20000,245666,0
relation_set,set_build,1024,incremental_with,Dynamic,0,2,500,17615875,0
relation_set,set_build,1024,from_iter,Dynamic,0,2,500,321292,0
relation_set,mixed_set_ops,1024,borrowed_union,Dynamic,0,3,20000,835083,0
relation_set,mixed_set_ops,1024,allocating_assign,Dynamic,0,3,20000,789875,0
relation_set,mixed_set_ops,1024,in_place_assign,Dynamic,0,3,20000,223416,0
relation_set,set_build,1024,incremental_with,Dynamic,0,3,500,17222542,0
relation_set,set_build,1024,from_iter,Dynamic,0,3,500,312583,0
relation_set,mixed_set_ops,1024,borrowed_union,Dynamic,0,4,20000,840167,0
relation_set,mixed_set_ops,1024,allocating_assign,Dynamic,0,4,20000,771958,0
relation_set,mixed_set_ops,1024,in_place_assign,Dynamic,0,4,20000,257375,0
relation_set,set_build,1024,incremental_with,Dynamic,0,4,500,17297833,0
relation_set,set_build,1024,from_iter,Dynamic,0,4,500,332375,0
