suite,shape,relations,variant,selected_algorithm,query_id,repetition,operations,duration_ns,candidate_operators,connected_subgraphs,dp_states_created,repaired_subproblems
random_tree_algorithms,random_tree,10,adaptive,dphyp,0,0,1,307083,464,,115,0
random_tree_algorithms,random_tree,10,adaptive,dphyp,0,1,1,273667,464,,115,0
random_tree_algorithms,random_tree,10,adaptive,dphyp,0,2,1,269792,464,,115,0
random_tree_algorithms,random_tree,10,linearized_dp,linearized_dp,0,0,1,149417,37,,28,0
random_tree_algorithms,random_tree,10,linearized_dp,linearized_dp,0,1,1,128333,37,,28,0
random_tree_algorithms,random_tree,10,linearized_dp,linearized_dp,0,2,1,120625,37,,28,0
random_tree_algorithms,random_tree,10,goo_dp,goo_linearized_dp,0,0,1,177667,61,,28,1
random_tree_algorithms,random_tree,10,goo_dp,goo_linearized_dp,0,1,1,160334,61,,28,1
random_tree_algorithms,random_tree,10,goo_dp,goo_linearized_dp,0,2,1,158542,61,,28,1
random_tree_algorithms,random_tree,10,adaptive,dphyp,1,0,1,442041,873,,197,0
random_tree_algorithms,random_tree,10,adaptive,dphyp,1,1,1,448208,873,,197,0
random_tree_algorithms,random_tree,10,adaptive,dphyp,1,2,1,432125,873,,197,0
random_tree_algorithms,random_tree,10,linearized_dp,linearized_dp,1,0,1,96875,20,,20,0
random_tree_algorithms,random_tree,10,linearized_dp,linearized_dp,1,1,1,98125,20,,20,0
random_tree_algorithms,random_tree,10,linearized_dp,linearized_dp,1,2,1,85584,20,,20,0
random_tree_algorithms,random_tree,10,goo_dp,goo_linearized_dp,1,0,1,145375,53,,20,1
random_tree_algorithms,random_tree,10,goo_dp,goo_linearized_dp,1,1,1,137792,53,,20,1
random_tree_algorithms,random_tree,10,goo_dp,goo_linearized_dp,1,2,1,137625,53,,20,1
random_tree_algorithms,random_tree,10,adaptive,dphyp,2,0,1,151000,240,,70,0
random_tree_algorithms,random_tree,10,adaptive,dphyp,2,1,1,147792,240,,70,0
random_tree_algorithms,random_tree,10,adaptive,dphyp,2,2,1,145250,240,,70,0
random_tree_algorithms,random_tree,10,linearized_dp,linearized_dp,2,0,1,123459,34,,26,0
random_tree_algorithms,random_tree,10,linearized_dp,linearized_dp,2,1,1,115750,34,,26,0
random_tree_algorithms,random_tree,10,linearized_dp,linearized_dp,2,2,1,112959,34,,26,0
random_tree_algorithms,random_tree,10,goo_dp,goo_linearized_dp,2,0,1,154416,56,,26,1
random_tree_algorithms,random_tree,10,goo_dp,goo_linearized_dp,2,1,1,147625,56,,26,1
random_tree_algorithms,random_tree,10,goo_dp,goo_linearized_dp,2,2,1,145125,56,,26,1
random_tree_algorithms,random_tree,20,adaptive,dphyp,0,0,1,21195708,30215,2897,2897,0
random_tree_algorithms,random_tree,20,adaptive,dphyp,0,1,1,20804500,30215,2897,2897,0
random_tree_algorithms,random_tree,20,adaptive,dphyp,0,2,1,20889292,30215,2897,2897,0
random_tree_algorithms,random_tree,20,linearized_dp,linearized_dp,0,0,1,571833,83,,60,0
random_tree_algorithms,random_tree,20,linearized_dp,linearized_dp,0,1,1,540625,83,,60,0
random_tree_algorithms,random_tree,20,linearized_dp,linearized_dp,0,2,1,614625,83,,60,0
random_tree_algorithms,random_tree,20,goo_dp,goo_linearized_dp,0,0,1,625000,137,,60,1
random_tree_algorithms,random_tree,20,goo_dp,goo_linearized_dp,0,1,1,543167,137,,60,1
random_tree_algorithms,random_tree,20,goo_dp,goo_linearized_dp,0,2,1,526542,137,,60,1
random_tree_algorithms,random_tree,20,adaptive,linearized_dp,1,0,1,6244875,42,,41,0
random_tree_algorithms,random_tree,20,adaptive,linearized_dp,1,1,1,6233875,42,,41,0
random_tree_algorithms,random_tree,20,adaptive,linearized_dp,1,2,1,6245875,42,,41,0
random_tree_algorithms,random_tree,20,linearized_dp,linearized_dp,1,0,1,318000,42,,41,0
random_tree_algorithms,random_tree,20,linearized_dp,linearized_dp,1,1,1,319792,42,,41,0
random_tree_algorithms,random_tree,20,linearized_dp,linearized_dp,1,2,1,315291,42,,41,0
random_tree_algorithms,random_tree,20,goo_dp,goo_linearized_dp,1,0,1,450458,111,,41,1
random_tree_algorithms,random_tree,20,goo_dp,goo_linearized_dp,1,1,1,443959,111,,41,1
random_tree_algorithms,random_tree,20,goo_dp,goo_linearized_dp,1,2,1,428875,111,,41,1
random_tree_algorithms,random_tree,20,adaptive,dphyp,2,0,1,30308792,42068,3824,3824,0
random_tree_algorithms,random_tree,20,adaptive,dphyp,2,1,1,30421750,42068,3824,3824,0
random_tree_algorithms,random_tree,20,adaptive,dphyp,2,2,1,29464125,42068,3824,3824,0
random_tree_algorithms,random_tree,20,linearized_dp,linearized_dp,2,0,1,462916,64,,50,0
random_tree_algorithms,random_tree,20,linearized_dp,linearized_dp,2,1,1,395125,64,,50,0
random_tree_algorithms,random_tree,20,linearized_dp,linearized_dp,2,2,1,383917,64,,50,0
random_tree_algorithms,random_tree,20,goo_dp,goo_linearized_dp,2,0,1,531958,124,,50,1
random_tree_algorithms,random_tree,20,goo_dp,goo_linearized_dp,2,1,1,474125,124,,50,1
random_tree_algorithms,random_tree,20,goo_dp,goo_linearized_dp,2,2,1,474333,124,,50,1
random_tree_algorithms,random_tree,30,adaptive,linearized_dp,0,0,1,9230583,105,,81,0
random_tree_algorithms,random_tree,30,adaptive,linearized_dp,0,1,1,9118042,105,,81,0
random_tree_algorithms,random_tree,30,adaptive,linearized_dp,0,2,1,9106500,105,,81,0
random_tree_algorithms,random_tree,30,linearized_dp,linearized_dp,0,0,1,859208,105,,81,0
random_tree_algorithms,random_tree,30,linearized_dp,linearized_dp,0,1,1,858708,105,,81,0
random_tree_algorithms,random_tree,30,linearized_dp,linearized_dp,0,2,1,854292,105,,81,0
random_tree_algorithms,random_tree,30,goo_dp,goo_linearized_dp,0,0,1,1048334,209,,81,1
random_tree_algorithms,random_tree,30,goo_dp,goo_linearized_dp,0,1,1,1010292,209,,81,1
random_tree_algorithms,random_tree,30,goo_dp,goo_linearized_dp,0,2,1,1014416,209,,81,1
random_tree_algorithms,random_tree,30,adaptive,linearized_dp,1,0,1,7116833,64,,62,0
random_tree_algorithms,random_tree,30,adaptive,linearized_dp,1,1,1,8984959,64,,62,0
random_tree_algorithms,random_tree,30,adaptive,linearized_dp,1,2,1,10737875,64,,62,0
random_tree_algorithms,random_tree,30,linearized_dp,linearized_dp,1,0,1,738875,64,,62,0
random_tree_algorithms,random_tree,30,linearized_dp,linearized_dp,1,1,1,727125,64,,62,0
random_tree_algorithms,random_tree,30,linearized_dp,linearized_dp,1,2,1,724833,64,,62,0
random_tree_algorithms,random_tree,30,goo_dp,goo_linearized_dp,1,0,1,941542,172,,62,1
random_tree_algorithms,random_tree,30,goo_dp,goo_linearized_dp,1,1,1,897000,172,,62,1
random_tree_algorithms,random_tree,30,goo_dp,goo_linearized_dp,1,2,1,888584,172,,62,1
random_tree_algorithms,random_tree,30,adaptive,linearized_dp,2,0,1,8037125,84,,70,0
random_tree_algorithms,random_tree,30,adaptive,linearized_dp,2,1,1,7865625,84,,70,0
random_tree_algorithms,random_tree,30,adaptive,linearized_dp,2,2,1,7819667,84,,70,0
random_tree_algorithms,random_tree,30,linearized_dp,linearized_dp,2,0,1,749625,84,,70,0
random_tree_algorithms,random_tree,30,linearized_dp,linearized_dp,2,1,1,729334,84,,70,0
random_tree_algorithms,random_tree,30,linearized_dp,linearized_dp,2,2,1,733625,84,,70,0
random_tree_algorithms,random_tree,30,goo_dp,goo_linearized_dp,2,0,1,914583,189,,70,1
random_tree_algorithms,random_tree,30,goo_dp,goo_linearized_dp,2,1,1,878041,189,,70,1
random_tree_algorithms,random_tree,30,goo_dp,goo_linearized_dp,2,2,1,872000,189,,70,1
random_tree_algorithms,random_tree,40,adaptive,linearized_dp,0,0,1,9505583,127,,102,0
random_tree_algorithms,random_tree,40,adaptive,linearized_dp,0,1,1,9322125,127,,102,0
random_tree_algorithms,random_tree,40,adaptive,linearized_dp,0,2,1,9289000,127,,102,0
random_tree_algorithms,random_tree,40,linearized_dp,linearized_dp,0,0,1,1406167,127,,102,0
random_tree_algorithms,random_tree,40,linearized_dp,linearized_dp,0,1,1,1420791,127,,102,0
random_tree_algorithms,random_tree,40,linearized_dp,linearized_dp,0,2,1,1441125,127,,102,0
random_tree_algorithms,random_tree,40,goo_dp,goo_linearized_dp,0,0,1,1685917,271,,102,1
random_tree_algorithms,random_tree,40,goo_dp,goo_linearized_dp,0,1,1,1638959,271,,102,1
random_tree_algorithms,random_tree,40,goo_dp,goo_linearized_dp,0,2,1,1635666,271,,102,1
random_tree_algorithms,random_tree,40,adaptive,linearized_dp,1,0,1,8232209,84,,82,0
random_tree_algorithms,random_tree,40,adaptive,linearized_dp,1,1,1,8118583,84,,82,0
random_tree_algorithms,random_tree,40,adaptive,linearized_dp,1,2,1,8117708,84,,82,0
random_tree_algorithms,random_tree,40,linearized_dp,linearized_dp,1,0,1,1254625,84,,82,0
random_tree_algorithms,random_tree,40,linearized_dp,linearized_dp,1,1,1,1245459,84,,82,0
random_tree_algorithms,random_tree,40,linearized_dp,linearized_dp,1,2,1,1245583,84,,82,0
random_tree_algorithms,random_tree,40,goo_dp,goo_linearized_dp,1,0,1,1486292,230,,82,1
random_tree_algorithms,random_tree,40,goo_dp,goo_linearized_dp,1,1,1,1450292,230,,82,1
random_tree_algorithms,random_tree,40,goo_dp,goo_linearized_dp,1,2,1,1449750,230,,82,1
random_tree_algorithms,random_tree,40,adaptive,linearized_dp,2,0,1,9295708,104,,90,0
random_tree_algorithms,random_tree,40,adaptive,linearized_dp,2,1,1,9148833,104,,90,0
random_tree_algorithms,random_tree,40,adaptive,linearized_dp,2,2,1,9024750,104,,90,0
random_tree_algorithms,random_tree,40,linearized_dp,linearized_dp,2,0,1,1298375,104,,90,0
random_tree_algorithms,random_tree,40,linearized_dp,linearized_dp,2,1,1,1314167,104,,90,0
random_tree_algorithms,random_tree,40,linearized_dp,linearized_dp,2,2,1,1341583,104,,90,0
random_tree_algorithms,random_tree,40,goo_dp,goo_linearized_dp,2,0,1,1537500,239,,90,1
random_tree_algorithms,random_tree,40,goo_dp,goo_linearized_dp,2,1,1,1529542,239,,90,1
random_tree_algorithms,random_tree,40,goo_dp,goo_linearized_dp,2,2,1,1524250,239,,90,1
random_tree_algorithms,random_tree,70,adaptive,linearized_dp,0,0,1,13161583,187,,162,0
random_tree_algorithms,random_tree,70,adaptive,linearized_dp,0,1,1,12869500,187,,162,0
random_tree_algorithms,random_tree,70,adaptive,linearized_dp,0,2,1,13116333,187,,162,0
random_tree_algorithms,random_tree,70,linearized_dp,linearized_dp,0,0,1,4423417,187,,162,0
random_tree_algorithms,random_tree,70,linearized_dp,linearized_dp,0,1,1,4562291,187,,162,0
random_tree_algorithms,random_tree,70,linearized_dp,linearized_dp,0,2,1,4490917,187,,162,0
random_tree_algorithms,random_tree,70,goo_dp,goo_linearized_dp,0,0,1,6270167,436,,162,1
random_tree_algorithms,random_tree,70,goo_dp,goo_linearized_dp,0,1,1,4879625,436,,162,1
random_tree_algorithms,random_tree,70,goo_dp,goo_linearized_dp,0,2,1,7550250,436,,162,1
random_tree_algorithms,random_tree,70,adaptive,linearized_dp,1,0,1,12871250,144,,142,0
random_tree_algorithms,random_tree,70,adaptive,linearized_dp,1,1,1,12155125,144,,142,0
random_tree_algorithms,random_tree,70,adaptive,linearized_dp,1,2,1,11980292,144,,142,0
random_tree_algorithms,random_tree,70,linearized_dp,linearized_dp,1,0,1,3960792,144,,142,0
random_tree_algorithms,random_tree,70,linearized_dp,linearized_dp,1,1,1,3991125,144,,142,0
random_tree_algorithms,random_tree,70,linearized_dp,linearized_dp,1,2,1,3958500,144,,142,0
random_tree_algorithms,random_tree,70,goo_dp,goo_linearized_dp,1,0,1,4486792,419,,142,1
random_tree_algorithms,random_tree,70,goo_dp,goo_linearized_dp,1,1,1,4324375,419,,142,1
random_tree_algorithms,random_tree,70,goo_dp,goo_linearized_dp,1,2,1,4319625,419,,142,1
random_tree_algorithms,random_tree,70,adaptive,linearized_dp,2,0,1,14155208,168,,152,0
random_tree_algorithms,random_tree,70,adaptive,linearized_dp,2,1,1,13905042,168,,152,0
random_tree_algorithms,random_tree,70,adaptive,linearized_dp,2,2,1,14008875,168,,152,0
random_tree_algorithms,random_tree,70,linearized_dp,linearized_dp,2,0,1,4368167,168,,152,0
random_tree_algorithms,random_tree,70,linearized_dp,linearized_dp,2,1,1,4425875,168,,152,0
random_tree_algorithms,random_tree,70,linearized_dp,linearized_dp,2,2,1,4428875,168,,152,0
random_tree_algorithms,random_tree,70,goo_dp,goo_linearized_dp,2,0,1,4702167,419,,152,1
random_tree_algorithms,random_tree,70,goo_dp,goo_linearized_dp,2,1,1,4681125,419,,152,1
random_tree_algorithms,random_tree,70,goo_dp,goo_linearized_dp,2,2,1,4688959,419,,152,1
random_tree_algorithms,random_tree,100,adaptive,linearized_dp,0,0,1,18996459,247,,222,0
random_tree_algorithms,random_tree,100,adaptive,linearized_dp,0,1,1,18919042,247,,222,0
random_tree_algorithms,random_tree,100,adaptive,linearized_dp,0,2,1,18884625,247,,222,0
random_tree_algorithms,random_tree,100,linearized_dp,linearized_dp,0,0,1,9561916,247,,222,0
random_tree_algorithms,random_tree,100,linearized_dp,linearized_dp,0,1,1,9588208,247,,222,0
random_tree_algorithms,random_tree,100,linearized_dp,linearized_dp,0,2,1,9578375,247,,222,0
random_tree_algorithms,random_tree,100,goo_dp,goo_linearized_dp,0,0,1,10125750,634,,222,1
random_tree_algorithms,random_tree,100,goo_dp,goo_linearized_dp,0,1,1,9994875,634,,222,1
random_tree_algorithms,random_tree,100,goo_dp,goo_linearized_dp,0,2,1,9974083,634,,222,1
random_tree_algorithms,random_tree,100,adaptive,linearized_dp,1,0,1,18793000,204,,202,0
random_tree_algorithms,random_tree,100,adaptive,linearized_dp,1,1,1,18761250,204,,202,0
random_tree_algorithms,random_tree,100,adaptive,linearized_dp,1,2,1,18740667,204,,202,0
random_tree_algorithms,random_tree,100,linearized_dp,linearized_dp,1,0,1,8781750,204,,202,0
random_tree_algorithms,random_tree,100,linearized_dp,linearized_dp,1,1,1,8783875,204,,202,0
random_tree_algorithms,random_tree,100,linearized_dp,linearized_dp,1,2,1,8835709,204,,202,0
random_tree_algorithms,random_tree,100,goo_dp,goo_linearized_dp,1,0,1,9211792,613,,202,1
random_tree_algorithms,random_tree,100,goo_dp,goo_linearized_dp,1,1,1,9194000,613,,202,1
random_tree_algorithms,random_tree,100,goo_dp,goo_linearized_dp,1,2,1,9198625,613,,202,1
random_tree_algorithms,random_tree,100,adaptive,linearized_dp,2,0,1,19923792,230,,213,0
random_tree_algorithms,random_tree,100,adaptive,linearized_dp,2,1,1,19814750,230,,213,0
random_tree_algorithms,random_tree,100,adaptive,linearized_dp,2,2,1,19804917,230,,213,0
random_tree_algorithms,random_tree,100,linearized_dp,linearized_dp,2,0,1,9471042,230,,213,0
random_tree_algorithms,random_tree,100,linearized_dp,linearized_dp,2,1,1,9480000,230,,213,0
random_tree_algorithms,random_tree,100,linearized_dp,linearized_dp,2,2,1,9472083,230,,213,0
random_tree_algorithms,random_tree,100,goo_dp,goo_linearized_dp,2,0,1,9939417,607,,213,1
random_tree_algorithms,random_tree,100,goo_dp,goo_linearized_dp,2,1,1,9933000,607,,213,1
random_tree_algorithms,random_tree,100,goo_dp,goo_linearized_dp,2,2,1,9940083,607,,213,1
random_tree_algorithms,random_tree,128,adaptive,goo_linearized_dp,0,0,1,18637416,888,,292,2
random_tree_algorithms,random_tree,128,adaptive,goo_linearized_dp,0,1,1,20185792,888,,292,2
random_tree_algorithms,random_tree,128,adaptive,goo_linearized_dp,0,2,1,18807000,888,,292,2
random_tree_algorithms,random_tree,128,linearized_dp,linearized_dp,0,0,1,16077625,303,,278,0
random_tree_algorithms,random_tree,128,linearized_dp,linearized_dp,0,1,1,15981583,303,,278,0
random_tree_algorithms,random_tree,128,linearized_dp,linearized_dp,0,2,1,15976458,303,,278,0
random_tree_algorithms,random_tree,128,goo_dp,goo_linearized_dp,0,0,1,8105125,888,,292,2
random_tree_algorithms,random_tree,128,goo_dp,goo_linearized_dp,0,1,1,8211833,888,,292,2
random_tree_algorithms,random_tree,128,goo_dp,goo_linearized_dp,0,2,1,9310708,888,,292,2
random_tree_algorithms,random_tree,128,adaptive,goo_linearized_dp,1,0,1,23511625,790,,264,2
random_tree_algorithms,random_tree,128,adaptive,goo_linearized_dp,1,1,1,20703375,790,,264,2
random_tree_algorithms,random_tree,128,adaptive,goo_linearized_dp,1,2,1,20273125,790,,264,2
random_tree_algorithms,random_tree,128,linearized_dp,linearized_dp,1,0,1,15424042,260,,258,0
random_tree_algorithms,random_tree,128,linearized_dp,linearized_dp,1,1,1,15395208,260,,258,0
random_tree_algorithms,random_tree,128,linearized_dp,linearized_dp,1,2,1,15378500,260,,258,0
random_tree_algorithms,random_tree,128,goo_dp,goo_linearized_dp,1,0,1,9120125,790,,264,2
random_tree_algorithms,random_tree,128,goo_dp,goo_linearized_dp,1,1,1,9136042,790,,264,2
random_tree_algorithms,random_tree,128,goo_dp,goo_linearized_dp,1,2,1,10171458,790,,264,2
random_tree_algorithms,random_tree,128,adaptive,goo_linearized_dp,2,0,1,19512791,795,,277,2
random_tree_algorithms,random_tree,128,adaptive,goo_linearized_dp,2,1,1,19298792,795,,277,2
random_tree_algorithms,random_tree,128,adaptive,goo_linearized_dp,2,2,1,19266333,795,,277,2
random_tree_algorithms,random_tree,128,linearized_dp,linearized_dp,2,0,1,16235625,286,,269,0
random_tree_algorithms,random_tree,128,linearized_dp,linearized_dp,2,1,1,16312625,286,,269,0
random_tree_algorithms,random_tree,128,linearized_dp,linearized_dp,2,2,1,16278375,286,,269,0
random_tree_algorithms,random_tree,128,goo_dp,goo_linearized_dp,2,0,1,8303583,795,,277,2
random_tree_algorithms,random_tree,128,goo_dp,goo_linearized_dp,2,1,1,8302042,795,,277,2
random_tree_algorithms,random_tree,128,goo_dp,goo_linearized_dp,2,2,1,8259750,795,,277,2
random_tree_algorithms,random_tree,192,adaptive,goo_linearized_dp,0,0,1,26557584,1298,,454,3
random_tree_algorithms,random_tree,192,adaptive,goo_linearized_dp,0,1,1,27135250,1298,,454,3
random_tree_algorithms,random_tree,192,adaptive,goo_linearized_dp,0,2,1,27704375,1298,,454,3
random_tree_algorithms,random_tree,192,linearized_dp,linearized_dp,0,0,1,42436125,433,,407,0
random_tree_algorithms,random_tree,192,linearized_dp,linearized_dp,0,1,1,43286167,433,,407,0
random_tree_algorithms,random_tree,192,linearized_dp,linearized_dp,0,2,1,43206750,433,,407,0
random_tree_algorithms,random_tree,192,goo_dp,goo_linearized_dp,0,0,1,14592500,1298,,454,3
random_tree_algorithms,random_tree,192,goo_dp,goo_linearized_dp,0,1,1,14105834,1298,,454,3
random_tree_algorithms,random_tree,192,goo_dp,goo_linearized_dp,0,2,1,14209292,1298,,454,3
random_tree_algorithms,random_tree,192,adaptive,goo_linearized_dp,1,0,1,26589458,1161,,395,3
random_tree_algorithms,random_tree,192,adaptive,goo_linearized_dp,1,1,1,26500834,1161,,395,3
random_tree_algorithms,random_tree,192,adaptive,goo_linearized_dp,1,2,1,26594625,1161,,395,3
random_tree_algorithms,random_tree,192,linearized_dp,linearized_dp,1,0,1,41237250,388,,386,0
random_tree_algorithms,random_tree,192,linearized_dp,linearized_dp,1,1,1,41183833,388,,386,0
random_tree_algorithms,random_tree,192,linearized_dp,linearized_dp,1,2,1,41089791,388,,386,0
random_tree_algorithms,random_tree,192,goo_dp,goo_linearized_dp,1,0,1,13232042,1161,,395,3
random_tree_algorithms,random_tree,192,goo_dp,goo_linearized_dp,1,1,1,13222084,1161,,395,3
random_tree_algorithms,random_tree,192,goo_dp,goo_linearized_dp,1,2,1,13211375,1161,,395,3
random_tree_algorithms,random_tree,192,adaptive,goo_linearized_dp,2,0,1,35681333,1204,,408,2
random_tree_algorithms,random_tree,192,adaptive,goo_linearized_dp,2,1,1,35745959,1204,,408,2
random_tree_algorithms,random_tree,192,adaptive,goo_linearized_dp,2,2,1,35895625,1204,,408,2
random_tree_algorithms,random_tree,192,linearized_dp,linearized_dp,2,0,1,42910042,414,,397,0
random_tree_algorithms,random_tree,192,linearized_dp,linearized_dp,2,1,1,47033250,414,,397,0
random_tree_algorithms,random_tree,192,linearized_dp,linearized_dp,2,2,1,45905208,414,,397,0
random_tree_algorithms,random_tree,192,goo_dp,goo_linearized_dp,2,0,1,20304125,1204,,408,2
random_tree_algorithms,random_tree,192,goo_dp,goo_linearized_dp,2,1,1,21218792,1204,,408,2
random_tree_algorithms,random_tree,192,goo_dp,goo_linearized_dp,2,2,1,19823375,1204,,408,2
random_tree_algorithms,random_tree,256,adaptive,goo_linearized_dp,0,0,1,40372584,1728,,596,3
random_tree_algorithms,random_tree,256,adaptive,goo_linearized_dp,0,1,1,40068625,1728,,596,3
random_tree_algorithms,random_tree,256,adaptive,goo_linearized_dp,0,2,1,42209166,1728,,596,3
random_tree_algorithms,random_tree,256,linearized_dp,linearized_dp,0,0,1,86681375,561,,535,0
random_tree_algorithms,random_tree,256,linearized_dp,linearized_dp,0,1,1,86945209,561,,535,0
random_tree_algorithms,random_tree,256,linearized_dp,linearized_dp,0,2,1,86481583,561,,535,0
random_tree_algorithms,random_tree,256,goo_dp,goo_linearized_dp,0,0,1,26017708,1728,,596,3
random_tree_algorithms,random_tree,256,goo_dp,goo_linearized_dp,0,1,1,25915500,1728,,596,3
random_tree_algorithms,random_tree,256,goo_dp,goo_linearized_dp,0,2,1,25919792,1728,,596,3
random_tree_algorithms,random_tree,256,adaptive,goo_linearized_dp,1,0,1,37928875,1521,,526,4
random_tree_algorithms,random_tree,256,adaptive,goo_linearized_dp,1,1,1,38447542,1521,,526,4
random_tree_algorithms,random_tree,256,adaptive,goo_linearized_dp,1,2,1,38412084,1521,,526,4
random_tree_algorithms,random_tree,256,linearized_dp,linearized_dp,1,0,1,83608250,518,,515,0
random_tree_algorithms,random_tree,256,linearized_dp,linearized_dp,1,1,1,83795041,518,,515,0
random_tree_algorithms,random_tree,256,linearized_dp,linearized_dp,1,2,1,83918500,518,,515,0
random_tree_algorithms,random_tree,256,goo_dp,goo_linearized_dp,1,0,1,23530125,1521,,526,4
random_tree_algorithms,random_tree,256,goo_dp,goo_linearized_dp,1,1,1,23557667,1521,,526,4
random_tree_algorithms,random_tree,256,goo_dp,goo_linearized_dp,1,2,1,23652125,1521,,526,4
random_tree_algorithms,random_tree,256,adaptive,goo_linearized_dp,2,0,1,43059458,1629,,550,3
random_tree_algorithms,random_tree,256,adaptive,goo_linearized_dp,2,1,1,43069458,1629,,550,3
random_tree_algorithms,random_tree,256,adaptive,goo_linearized_dp,2,2,1,43230583,1629,,550,3
random_tree_algorithms,random_tree,256,linearized_dp,linearized_dp,2,0,1,86014917,544,,526,0
random_tree_algorithms,random_tree,256,linearized_dp,linearized_dp,2,1,1,89979375,544,,526,0
random_tree_algorithms,random_tree,256,linearized_dp,linearized_dp,2,2,1,85700083,544,,526,0
random_tree_algorithms,random_tree,256,goo_dp,goo_linearized_dp,2,0,1,23731083,1629,,550,3
random_tree_algorithms,random_tree,256,goo_dp,goo_linearized_dp,2,1,1,23650958,1629,,550,3
random_tree_algorithms,random_tree,256,goo_dp,goo_linearized_dp,2,2,1,23723625,1629,,550,3
random_tree_algorithms,random_tree,10,dphyp,dphyp,0,0,1,288083,464,,115,0
random_tree_algorithms,random_tree,10,dphyp,dphyp,0,1,1,276208,464,,115,0
random_tree_algorithms,random_tree,10,dphyp,dphyp,0,2,1,274458,464,,115,0
random_tree_algorithms,random_tree,10,dphyp,dphyp,1,0,1,449958,873,,197,0
random_tree_algorithms,random_tree,10,dphyp,dphyp,1,1,1,445083,873,,197,0
random_tree_algorithms,random_tree,10,dphyp,dphyp,1,2,1,444792,873,,197,0
random_tree_algorithms,random_tree,10,dphyp,dphyp,2,0,1,153333,240,,70,0
random_tree_algorithms,random_tree,10,dphyp,dphyp,2,1,1,148667,240,,70,0
random_tree_algorithms,random_tree,10,dphyp,dphyp,2,2,1,147500,240,,70,0
random_tree_algorithms,random_tree,12,dphyp,dphyp,0,0,1,805750,1440,,268,0
random_tree_algorithms,random_tree,12,dphyp,dphyp,0,1,1,799417,1440,,268,0
random_tree_algorithms,random_tree,12,dphyp,dphyp,0,2,1,798791,1440,,268,0
random_tree_algorithms,random_tree,12,dphyp,dphyp,1,0,1,1778750,3617,,619,0
random_tree_algorithms,random_tree,12,dphyp,dphyp,1,1,1,1784333,3617,,619,0
random_tree_algorithms,random_tree,12,dphyp,dphyp,1,2,1,1790708,3617,,619,0
random_tree_algorithms,random_tree,12,dphyp,dphyp,2,0,1,314792,490,,111,0
random_tree_algorithms,random_tree,12,dphyp,dphyp,2,1,1,310959,490,,111,0
random_tree_algorithms,random_tree,12,dphyp,dphyp,2,2,1,307916,490,,111,0
random_tree_algorithms,random_tree,14,dphyp,dphyp,0,0,1,1687833,2964,,456,0
random_tree_algorithms,random_tree,14,dphyp,dphyp,0,1,1,1668542,2964,,456,0
random_tree_algorithms,random_tree,14,dphyp,dphyp,0,2,1,1665750,2964,,456,0
random_tree_algorithms,random_tree,14,dphyp,dphyp,1,0,1,4622875,9219,,1323,0
random_tree_algorithms,random_tree,14,dphyp,dphyp,1,1,1,4613000,9219,,1323,0
random_tree_algorithms,random_tree,14,dphyp,dphyp,1,2,1,4617667,9219,,1323,0
random_tree_algorithms,random_tree,14,dphyp,dphyp,2,0,1,951083,1572,,257,0
random_tree_algorithms,random_tree,14,dphyp,dphyp,2,1,1,925708,1572,,257,0
random_tree_algorithms,random_tree,14,dphyp,dphyp,2,2,1,922375,1572,,257,0
random_tree_algorithms,random_tree,16,dphyp,dphyp,0,0,1,4027291,7006,,898,0
random_tree_algorithms,random_tree,16,dphyp,dphyp,0,1,1,4049209,7006,,898,0
random_tree_algorithms,random_tree,16,dphyp,dphyp,0,2,1,4037833,7006,,898,0
random_tree_algorithms,random_tree,16,dphyp,dphyp,1,0,1,14118791,27702,,3427,0
random_tree_algorithms,random_tree,16,dphyp,dphyp,1,1,1,14062667,27702,,3427,0
random_tree_algorithms,random_tree,16,dphyp,dphyp,1,2,1,14090250,27702,,3427,0
random_tree_algorithms,random_tree,16,dphyp,dphyp,2,0,1,2034625,3319,,447,0
random_tree_algorithms,random_tree,16,dphyp,dphyp,2,1,1,2010834,3319,,447,0
random_tree_algorithms,random_tree,16,dphyp,dphyp,2,2,1,2032083,3319,,447,0
random_tree_algorithms,random_tree,18,dphyp,dphyp,0,0,1,9823125,16358,,1767,0
random_tree_algorithms,random_tree,18,dphyp,dphyp,0,1,1,9831583,16358,,1767,0
random_tree_algorithms,random_tree,18,dphyp,dphyp,0,2,1,9854250,16358,,1767,0
random_tree_algorithms,random_tree,18,dphyp,dphyp,1,0,1,43052000,80869,,8665,0
random_tree_algorithms,random_tree,18,dphyp,dphyp,1,1,1,42313250,80869,,8665,0
random_tree_algorithms,random_tree,18,dphyp,dphyp,1,2,1,42066416,80869,,8665,0
random_tree_algorithms,random_tree,18,dphyp,dphyp,2,0,1,6893375,11662,,1270,0
random_tree_algorithms,random_tree,18,dphyp,dphyp,2,1,1,6883084,11662,,1270,0
random_tree_algorithms,random_tree,18,dphyp,dphyp,2,2,1,6869334,11662,,1270,0
random_tree_algorithms,random_tree,512,adaptive,goo_linearized_dp,0,0,1,80464583,3508,,1198,7
random_tree_algorithms,random_tree,512,adaptive,goo_linearized_dp,0,1,1,78960541,3508,,1198,7
random_tree_algorithms,random_tree,512,adaptive,goo_linearized_dp,0,2,1,79201833,3508,,1198,7
random_tree_algorithms,random_tree,512,goo_dp,goo_linearized_dp,0,0,1,61619041,3508,,1198,7
random_tree_algorithms,random_tree,512,goo_dp,goo_linearized_dp,0,1,1,62170417,3508,,1198,7
random_tree_algorithms,random_tree,512,goo_dp,goo_linearized_dp,0,2,1,60987666,3508,,1198,7
random_tree_algorithms,random_tree,512,adaptive,goo_linearized_dp,1,0,1,77416458,3337,,1141,7
random_tree_algorithms,random_tree,512,adaptive,goo_linearized_dp,1,1,1,77020375,3337,,1141,7
random_tree_algorithms,random_tree,512,adaptive,goo_linearized_dp,1,2,1,76639125,3337,,1141,7
random_tree_algorithms,random_tree,512,goo_dp,goo_linearized_dp,1,0,1,58284875,3337,,1141,7
random_tree_algorithms,random_tree,512,goo_dp,goo_linearized_dp,1,1,1,58483584,3337,,1141,7
random_tree_algorithms,random_tree,512,goo_dp,goo_linearized_dp,1,2,1,58911333,3337,,1141,7
random_tree_algorithms,random_tree,512,adaptive,goo_linearized_dp,2,0,1,69546542,3259,,1064,7
random_tree_algorithms,random_tree,512,adaptive,goo_linearized_dp,2,1,1,69392250,3259,,1064,7
random_tree_algorithms,random_tree,512,adaptive,goo_linearized_dp,2,2,1,69403542,3259,,1064,7
random_tree_algorithms,random_tree,512,goo_dp,goo_linearized_dp,2,0,1,45505875,3259,,1064,7
random_tree_algorithms,random_tree,512,goo_dp,goo_linearized_dp,2,1,1,45641417,3259,,1064,7
random_tree_algorithms,random_tree,512,goo_dp,goo_linearized_dp,2,2,1,45472584,3259,,1064,7
random_tree_algorithms,random_tree,1024,adaptive,goo_linearized_dp,0,0,1,196756500,7088,,2326,15
random_tree_algorithms,random_tree,1024,adaptive,goo_linearized_dp,0,1,1,197085625,7088,,2326,15
random_tree_algorithms,random_tree,1024,adaptive,goo_linearized_dp,0,2,1,196644209,7088,,2326,15
random_tree_algorithms,random_tree,1024,goo_dp,goo_linearized_dp,0,0,1,174871375,7088,,2326,15
random_tree_algorithms,random_tree,1024,goo_dp,goo_linearized_dp,0,1,1,175095041,7088,,2326,15
random_tree_algorithms,random_tree,1024,goo_dp,goo_linearized_dp,0,2,1,181214333,7088,,2326,15
random_tree_algorithms,random_tree,1024,adaptive,goo_linearized_dp,1,0,1,151602167,6939,,2278,15
random_tree_algorithms,random_tree,1024,adaptive,goo_linearized_dp,1,1,1,150303500,6939,,2278,15
random_tree_algorithms,random_tree,1024,adaptive,goo_linearized_dp,1,2,1,152276750,6939,,2278,15
random_tree_algorithms,random_tree,1024,goo_dp,goo_linearized_dp,1,0,1,122892250,6939,,2278,15
random_tree_algorithms,random_tree,1024,goo_dp,goo_linearized_dp,1,1,1,123062458,6939,,2278,15
random_tree_algorithms,random_tree,1024,goo_dp,goo_linearized_dp,1,2,1,124644708,6939,,2278,15
random_tree_algorithms,random_tree,1024,adaptive,goo_linearized_dp,2,0,1,157761875,6762,,2285,14
random_tree_algorithms,random_tree,1024,adaptive,goo_linearized_dp,2,1,1,157356500,6762,,2285,14
random_tree_algorithms,random_tree,1024,adaptive,goo_linearized_dp,2,2,1,157177250,6762,,2285,14
random_tree_algorithms,random_tree,1024,goo_dp,goo_linearized_dp,2,0,1,125779917,6762,,2285,14
random_tree_algorithms,random_tree,1024,goo_dp,goo_linearized_dp,2,1,1,125556458,6762,,2285,14
random_tree_algorithms,random_tree,1024,goo_dp,goo_linearized_dp,2,2,1,128554625,6762,,2285,14
random_tree_algorithms,random_tree,2000,adaptive,goo_linearized_dp,0,0,1,484495625,13556,,4517,29
random_tree_algorithms,random_tree,2000,adaptive,goo_linearized_dp,0,1,1,490482208,13556,,4517,29
random_tree_algorithms,random_tree,2000,adaptive,goo_linearized_dp,0,2,1,478814875,13556,,4517,29
random_tree_algorithms,random_tree,2000,goo_dp,goo_linearized_dp,0,0,1,438347916,13556,,4517,29
random_tree_algorithms,random_tree,2000,goo_dp,goo_linearized_dp,0,1,1,439319875,13556,,4517,29
random_tree_algorithms,random_tree,2000,goo_dp,goo_linearized_dp,0,2,1,440291000,13556,,4517,29
random_tree_algorithms,random_tree,2000,adaptive,goo_linearized_dp,1,0,1,466027458,13217,,4330,28
random_tree_algorithms,random_tree,2000,adaptive,goo_linearized_dp,1,1,1,472161166,13217,,4330,28
random_tree_algorithms,random_tree,2000,adaptive,goo_linearized_dp,1,2,1,456236625,13217,,4330,28
random_tree_algorithms,random_tree,2000,goo_dp,goo_linearized_dp,1,0,1,416732042,13217,,4330,28
random_tree_algorithms,random_tree,2000,goo_dp,goo_linearized_dp,1,1,1,416191625,13217,,4330,28
random_tree_algorithms,random_tree,2000,goo_dp,goo_linearized_dp,1,2,1,420841625,13217,,4330,28
random_tree_algorithms,random_tree,2000,adaptive,goo_linearized_dp,2,0,1,444224000,13545,,4510,27
random_tree_algorithms,random_tree,2000,adaptive,goo_linearized_dp,2,1,1,448132750,13545,,4510,27
random_tree_algorithms,random_tree,2000,adaptive,goo_linearized_dp,2,2,1,448471959,13545,,4510,27
random_tree_algorithms,random_tree,2000,goo_dp,goo_linearized_dp,2,0,1,385423375,13545,,4510,27
random_tree_algorithms,random_tree,2000,goo_dp,goo_linearized_dp,2,1,1,389898916,13545,,4510,27
random_tree_algorithms,random_tree,2000,goo_dp,goo_linearized_dp,2,2,1,387024125,13545,,4510,27
random_tree_algorithms,random_tree,5000,adaptive,goo_linearized_dp,0,0,1,2095170958,32869,,10035,66
random_tree_algorithms,random_tree,5000,adaptive,goo_linearized_dp,0,1,1,2125976167,32869,,10035,66
random_tree_algorithms,random_tree,5000,adaptive,goo_linearized_dp,0,2,1,2117112833,32869,,10035,66
random_tree_algorithms,random_tree,5000,goo_dp,goo_linearized_dp,0,0,1,2085536834,32869,,10035,66
random_tree_algorithms,random_tree,5000,goo_dp,goo_linearized_dp,0,1,1,2039910625,32869,,10035,66
random_tree_algorithms,random_tree,5000,goo_dp,goo_linearized_dp,0,2,1,2090291667,32869,,10035,66
random_tree_algorithms,random_tree,5000,adaptive,goo_linearized_dp,1,0,1,2031451875,32615,,10091,67
random_tree_algorithms,random_tree,5000,adaptive,goo_linearized_dp,1,1,1,2037878083,32615,,10091,67
random_tree_algorithms,random_tree,5000,adaptive,goo_linearized_dp,1,2,1,2048391834,32615,,10091,67
random_tree_algorithms,random_tree,5000,goo_dp,goo_linearized_dp,1,0,1,1984319292,32615,,10091,67
random_tree_algorithms,random_tree,5000,goo_dp,goo_linearized_dp,1,1,1,1975145583,32615,,10091,67
random_tree_algorithms,random_tree,5000,goo_dp,goo_linearized_dp,1,2,1,1987383875,32615,,10091,67
random_tree_algorithms,random_tree,5000,adaptive,goo_linearized_dp,2,0,1,2000352750,33346,,10057,62
random_tree_algorithms,random_tree,5000,adaptive,goo_linearized_dp,2,1,1,2006058625,33346,,10057,62
random_tree_algorithms,random_tree,5000,adaptive,goo_linearized_dp,2,2,1,2000521334,33346,,10057,62
random_tree_algorithms,random_tree,5000,goo_dp,goo_linearized_dp,2,0,1,1930053708,33346,,10057,62
random_tree_algorithms,random_tree,5000,goo_dp,goo_linearized_dp,2,1,1,1930510500,33346,,10057,62
random_tree_algorithms,random_tree,5000,goo_dp,goo_linearized_dp,2,2,1,1932153667,33346,,10057,62
adaptive_topologies,chain,10,adaptive,dphyp,0,0,1,135875,165,,55,0
adaptive_topologies,chain,10,adaptive,dphyp,0,1,1,118959,165,,55,0
adaptive_topologies,chain,10,adaptive,dphyp,0,2,1,114750,165,,55,0
adaptive_topologies,star,10,adaptive,dphyp,0,0,1,1072208,2304,,521,0
adaptive_topologies,star,10,adaptive,dphyp,0,1,1,1002458,2304,,521,0
adaptive_topologies,star,10,adaptive,dphyp,0,2,1,1041625,2304,,521,0
adaptive_topologies,chain,20,adaptive,dphyp,0,0,1,1073709,1330,210,210,0
adaptive_topologies,chain,20,adaptive,dphyp,0,1,1,1071292,1330,210,210,0
adaptive_topologies,chain,20,adaptive,dphyp,0,2,1,1068625,1330,210,210,0
adaptive_topologies,star,20,adaptive,linearized_dp,0,0,1,5683625,38,,39,0
adaptive_topologies,star,20,adaptive,linearized_dp,0,1,1,5692125,38,,39,0
adaptive_topologies,star,20,adaptive,linearized_dp,0,2,1,5663166,38,,39,0
adaptive_topologies,chain,30,adaptive,dphyp,0,0,1,4144208,4495,465,465,0
adaptive_topologies,chain,30,adaptive,dphyp,0,1,1,4112333,4495,465,465,0
adaptive_topologies,chain,30,adaptive,dphyp,0,2,1,4170917,4495,465,465,0
adaptive_topologies,star,30,adaptive,linearized_dp,0,0,1,7815625,58,,59,0
adaptive_topologies,star,30,adaptive,linearized_dp,0,1,1,7800792,58,,59,0
adaptive_topologies,star,30,adaptive,linearized_dp,0,2,1,7792417,58,,59,0
adaptive_topologies,chain,40,adaptive,dphyp,0,0,1,11038209,10660,820,820,0
adaptive_topologies,chain,40,adaptive,dphyp,0,1,1,11047709,10660,820,820,0
adaptive_topologies,chain,40,adaptive,dphyp,0,2,1,11054500,10660,820,820,0
adaptive_topologies,star,40,adaptive,linearized_dp,0,0,1,10189584,78,,79,0
adaptive_topologies,star,40,adaptive,linearized_dp,0,1,1,10130292,78,,79,0
adaptive_topologies,star,40,adaptive,linearized_dp,0,2,1,10194666,78,,79,0
adaptive_topologies,chain,70,adaptive,dphyp,0,0,1,81213167,57155,2485,2485,0
adaptive_topologies,chain,70,adaptive,dphyp,0,1,1,81118458,57155,2485,2485,0
adaptive_topologies,chain,70,adaptive,dphyp,0,2,1,81609375,57155,2485,2485,0
adaptive_topologies,star,70,adaptive,linearized_dp,0,0,1,18696875,138,,139,0
adaptive_topologies,star,70,adaptive,linearized_dp,0,1,1,18653250,138,,139,0
adaptive_topologies,star,70,adaptive,linearized_dp,0,2,1,18651916,138,,139,0
adaptive_topologies,chain,100,adaptive,dphyp,0,0,1,327761750,166650,5050,5050,0
adaptive_topologies,chain,100,adaptive,dphyp,0,1,1,327637042,166650,5050,5050,0
adaptive_topologies,chain,100,adaptive,dphyp,0,2,1,327270959,166650,5050,5050,0
adaptive_topologies,star,100,adaptive,linearized_dp,0,0,1,30352834,198,,199,0
adaptive_topologies,star,100,adaptive,linearized_dp,0,1,1,30228542,198,,199,0
adaptive_topologies,star,100,adaptive,linearized_dp,0,2,1,30235000,198,,199,0
adaptive_topologies,chain,128,adaptive,dphyp,0,0,1,853935417,349504,8256,8256,0
adaptive_topologies,chain,128,adaptive,dphyp,0,1,1,853192708,349504,8256,8256,0
adaptive_topologies,chain,128,adaptive,dphyp,0,2,1,852311167,349504,8256,8256,0
adaptive_topologies,star,128,adaptive,goo_linearized_dp,0,0,1,94664542,8410,,256,2
adaptive_topologies,star,128,adaptive,goo_linearized_dp,0,1,1,90251500,8410,,256,2
adaptive_topologies,star,128,adaptive,goo_linearized_dp,0,2,1,90295375,8410,,256,2
adaptive_topologies,chain,192,adaptive,goo_linearized_dp,0,0,1,851360375,131794,,6244,3
adaptive_topologies,chain,192,adaptive,goo_linearized_dp,0,1,1,832377333,131794,,6244,3
adaptive_topologies,chain,192,adaptive,goo_linearized_dp,0,2,1,874124458,131794,,6244,3
adaptive_topologies,star,192,adaptive,goo_linearized_dp,0,0,1,244392459,18810,,384,2
adaptive_topologies,star,192,adaptive,goo_linearized_dp,0,1,1,243258417,18810,,384,2
adaptive_topologies,star,192,adaptive,goo_linearized_dp,0,2,1,242320709,18810,,384,2
adaptive_topologies,clique,10,adaptive,dphyp,0,0,1,122506833,83653,,1023,0
adaptive_topologies,clique,10,adaptive,dphyp,0,1,1,122342458,83653,,1023,0
adaptive_topologies,clique,10,adaptive,dphyp,0,2,1,121157583,83653,,1023,0
adaptive_topologies,clique,20,adaptive,linearized_dp,0,0,1,36977583,1520,,210,0
adaptive_topologies,clique,20,adaptive,linearized_dp,0,1,1,36576291,1520,,210,0
adaptive_topologies,clique,20,adaptive,linearized_dp,0,2,1,36621750,1520,,210,0
adaptive_topologies,clique,30,adaptive,linearized_dp,0,0,1,85707375,4930,,465,0
adaptive_topologies,clique,30,adaptive,linearized_dp,0,1,1,84277375,4930,,465,0
adaptive_topologies,clique,30,adaptive,linearized_dp,0,2,1,84190041,4930,,465,0
adaptive_topologies,clique,40,adaptive,linearized_dp,0,0,1,206385250,11440,,820,0
adaptive_topologies,clique,40,adaptive,linearized_dp,0,1,1,204039916,11440,,820,0
adaptive_topologies,clique,40,adaptive,linearized_dp,0,2,1,203149375,11440,,820,0
adaptive_topologies,clique,70,adaptive,linearized_dp,0,0,1,2073192208,59570,,2485,0
adaptive_topologies,clique,70,adaptive,linearized_dp,0,1,1,2054426875,59570,,2485,0
adaptive_topologies,clique,70,adaptive,linearized_dp,0,2,1,2169408625,59570,,2485,0
relation_set,mixed_set_ops,32,borrowed_union,Inline64,0,0,20000,154500,0,,0,0
relation_set,mixed_set_ops,32,allocating_assign,Inline64,0,0,20000,131500,0,,0,0
relation_set,mixed_set_ops,32,in_place_assign,Inline64,0,0,20000,108834,0,,0,0
relation_set,mixed_set_ops,32,borrowed_union,Inline64,0,1,20000,154166,0,,0,0
relation_set,mixed_set_ops,32,allocating_assign,Inline64,0,1,20000,131334,0,,0,0
relation_set,mixed_set_ops,32,in_place_assign,Inline64,0,1,20000,108500,0,,0,0
relation_set,mixed_set_ops,32,borrowed_union,Inline64,0,2,20000,154167,0,,0,0
relation_set,mixed_set_ops,32,allocating_assign,Inline64,0,2,20000,131458,0,,0,0
relation_set,mixed_set_ops,32,in_place_assign,Inline64,0,2,20000,108458,0,,0,0
relation_set,mixed_set_ops,32,borrowed_union,Inline64,0,3,20000,154083,0,,0,0
relation_set,mixed_set_ops,32,allocating_assign,Inline64,0,3,20000,131333,0,,0,0
relation_set,mixed_set_ops,32,in_place_assign,Inline64,0,3,20000,108458,0,,0,0
relation_set,mixed_set_ops,32,borrowed_union,Inline64,0,4,20000,154125,0,,0,0
relation_set,mixed_set_ops,32,allocating_assign,Inline64,0,4,20000,131291,0,,0,0
relation_set,mixed_set_ops,32,in_place_assign,Inline64,0,4,20000,108500,0,,0,0
relation_set,set_build,32,incremental_with,Inline64,0,0,500,35583,0,,0,0
relation_set,set_build,32,from_iter,Inline64,0,0,500,36208,0,,0,0
relation_set,set_build,32,incremental_with,Inline64,0,1,500,35167,0,,0,0
relation_set,set_build,32,from_iter,Inline64,0,1,500,35667,0,,0,0
relation_set,set_build,32,incremental_with,Inline64,0,2,500,35208,0,,0,0
relation_set,set_build,32,from_iter,Inline64,0,2,500,35500,0,,0,0
relation_set,set_build,32,incremental_with,Inline64,0,3,500,35375,0,,0,0
relation_set,set_build,32,from_iter,Inline64,0,3,500,35542,0,,0,0
relation_set,set_build,32,incremental_with,Inline64,0,4,500,35250,0,,0,0
relation_set,set_build,32,from_iter,Inline64,0,4,500,35542,0,,0,0
relation_set,mixed_set_ops,63,borrowed_union,Inline64,0,0,20000,154125,0,,0,0
relation_set,mixed_set_ops,63,allocating_assign,Inline64,0,0,20000,131292,0,,0,0
relation_set,mixed_set_ops,63,in_place_assign,Inline64,0,0,20000,108458,0,,0,0
relation_set,mixed_set_ops,63,borrowed_union,Inline64,0,1,20000,154125,0,,0,0
relation_set,mixed_set_ops,63,allocating_assign,Inline64,0,1,20000,131291,0,,0,0
relation_set,mixed_set_ops,63,in_place_assign,Inline64,0,1,20000,108834,0,,0,0
relation_set,mixed_set_ops,63,borrowed_union,Inline64,0,2,20000,154750,0,,0,0
relation_set,mixed_set_ops,63,allocating_assign,Inline64,0,2,20000,131542,0,,0,0
relation_set,mixed_set_ops,63,in_place_assign,Inline64,0,2,20000,108667,0,,0,0
relation_set,mixed_set_ops,63,borrowed_union,Inline64,0,3,20000,154375,0,,0,0
relation_set,mixed_set_ops,63,allocating_assign,Inline64,0,3,20000,131833,0,,0,0
relation_set,mixed_set_ops,63,in_place_assign,Inline64,0,3,20000,108750,0,,0,0
relation_set,mixed_set_ops,63,borrowed_union,Inline64,0,4,20000,154458,0,,0,0
relation_set,mixed_set_ops,63,allocating_assign,Inline64,0,4,20000,131333,0,,0,0
relation_set,mixed_set_ops,63,in_place_assign,Inline64,0,4,20000,108458,0,,0,0
relation_set,set_build,63,incremental_with,Inline64,0,0,500,76917,0,,0,0
relation_set,set_build,63,from_iter,Inline64,0,0,500,52125,0,,0,0
relation_set,set_build,63,incremental_with,Inline64,0,1,500,79250,0,,0,0
relation_set,set_build,63,from_iter,Inline64,0,1,500,52875,0,,0,0
relation_set,set_build,63,incremental_with,Inline64,0,2,500,79417,0,,0,0
relation_set,set_build,63,from_iter,Inline64,0,2,500,52833,0,,0,0
relation_set,set_build,63,incremental_with,Inline64,0,3,500,79833,0,,0,0
relation_set,set_build,63,from_iter,Inline64,0,3,500,52458,0,,0,0
relation_set,set_build,63,incremental_with,Inline64,0,4,500,79416,0,,0,0
relation_set,set_build,63,from_iter,Inline64,0,4,500,52625,0,,0,0
relation_set,mixed_set_ops,64,borrowed_union,Inline64,0,0,20000,159209,0,,0,0
relation_set,mixed_set_ops,64,allocating_assign,Inline64,0,0,20000,135166,0,,0,0
relation_set,mixed_set_ops,64,in_place_assign,Inline64,0,0,20000,111709,0,,0,0
relation_set,mixed_set_ops,64,borrowed_union,Inline64,0,1,20000,159375,0,,0,0
relation_set,mixed_set_ops,64,allocating_assign,Inline64,0,1,20000,135042,0,,0,0
relation_set,mixed_set_ops,64,in_place_assign,Inline64,0,1,20000,118791,0,,0,0
relation_set,mixed_set_ops,64,borrowed_union,Inline64,0,2,20000,159250,0,,0,0
relation_set,mixed_set_ops,64,allocating_assign,Inline64,0,2,20000,135375,0,,0,0
relation_set,mixed_set_ops,64,in_place_assign,Inline64,0,2,20000,111625,0,,0,0
relation_set,mixed_set_ops,64,borrowed_union,Inline64,0,3,20000,158500,0,,0,0
relation_set,mixed_set_ops,64,allocating_assign,Inline64,0,3,20000,135041,0,,0,0
relation_set,mixed_set_ops,64,in_place_assign,Inline64,0,3,20000,111666,0,,0,0
relation_set,mixed_set_ops,64,borrowed_union,Inline64,0,4,20000,158458,0,,0,0
relation_set,mixed_set_ops,64,allocating_assign,Inline64,0,4,20000,135125,0,,0,0
relation_set,mixed_set_ops,64,in_place_assign,Inline64,0,4,20000,111542,0,,0,0
relation_set,set_build,64,incremental_with,Inline64,0,0,500,79625,0,,0,0
relation_set,set_build,64,from_iter,Inline64,0,0,500,53375,0,,0,0
relation_set,set_build,64,incremental_with,Inline64,0,1,500,80333,0,,0,0
relation_set,set_build,64,from_iter,Inline64,0,1,500,53167,0,,0,0
relation_set,set_build,64,incremental_with,Inline64,0,2,500,79208,0,,0,0
relation_set,set_build,64,from_iter,Inline64,0,2,500,53125,0,,0,0
relation_set,set_build,64,incremental_with,Inline64,0,3,500,79375,0,,0,0
relation_set,set_build,64,from_iter,Inline64,0,3,500,53417,0,,0,0
relation_set,set_build,64,incremental_with,Inline64,0,4,500,79083,0,,0,0
relation_set,set_build,64,from_iter,Inline64,0,4,500,52875,0,,0,0
relation_set,mixed_set_ops,65,borrowed_union,Inline128,0,0,20000,172292,0,,0,0
relation_set,mixed_set_ops,65,allocating_assign,Inline128,0,0,20000,158667,0,,0,0
relation_set,mixed_set_ops,65,in_place_assign,Inline128,0,0,20000,129250,0,,0,0
relation_set,mixed_set_ops,65,borrowed_union,Inline128,0,1,20000,170416,0,,0,0
relation_set,mixed_set_ops,65,allocating_assign,Inline128,0,1,20000,158834,0,,0,0
relation_set,mixed_set_ops,65,in_place_assign,Inline128,0,1,20000,129750,0,,0,0
relation_set,mixed_set_ops,65,borrowed_union,Inline128,0,2,20000,170458,0,,0,0
relation_set,mixed_set_ops,65,allocating_assign,Inline128,0,2,20000,159000,0,,0,0
relation_set,mixed_set_ops,65,in_place_assign,Inline128,0,2,20000,129250,0,,0,0
relation_set,mixed_set_ops,65,borrowed_union,Inline128,0,3,20000,181000,0,,0,0
relation_set,mixed_set_ops,65,allocating_assign,Inline128,0,3,20000,158917,0,,0,0
relation_set,mixed_set_ops,65,in_place_assign,Inline128,0,3,20000,129167,0,,0,0
relation_set,mixed_set_ops,65,borrowed_union,Inline128,0,4,20000,170208,0,,0,0
relation_set,mixed_set_ops,65,allocating_assign,Inline128,0,4,20000,158584,0,,0,0
relation_set,mixed_set_ops,65,in_place_assign,Inline128,0,4,20000,129625,0,,0,0
relation_set,set_build,65,incremental_with,Inline128,0,0,500,83541,0,,0,0
relation_set,set_build,65,from_iter,Inline128,0,0,500,55208,0,,0,0
relation_set,set_build,65,incremental_with,Inline128,0,1,500,82833,0,,0,0
relation_set,set_build,65,from_iter,Inline128,0,1,500,55041,0,,0,0
relation_set,set_build,65,incremental_with,Inline128,0,2,500,82750,0,,0,0
relation_set,set_build,65,from_iter,Inline128,0,2,500,55208,0,,0,0
relation_set,set_build,65,incremental_with,Inline128,0,3,500,83208,0,,0,0
relation_set,set_build,65,from_iter,Inline128,0,3,500,55459,0,,0,0
relation_set,set_build,65,incremental_with,Inline128,0,4,500,82792,0,,0,0
relation_set,set_build,65,from_iter,Inline128,0,4,500,54791,0,,0,0
relation_set,mixed_set_ops,127,borrowed_union,Inline128,0,0,20000,164958,0,,0,0
relation_set,mixed_set_ops,127,allocating_assign,Inline128,0,0,20000,158792,0,,0,0
relation_set,mixed_set_ops,127,in_place_assign,Inline128,0,0,20000,123583,0,,0,0
relation_set,mixed_set_ops,127,borrowed_union,Inline128,0,1,20000,164375,0,,0,0
relation_set,mixed_set_ops,127,allocating_assign,Inline128,0,1,20000,158542,0,,0,0
relation_set,mixed_set_ops,127,in_place_assign,Inline128,0,1,20000,123375,0,,0,0
relation_set,mixed_set_ops,127,borrowed_union,Inline128,0,2,20000,164458,0,,0,0
relation_set,mixed_set_ops,127,allocating_assign,Inline128,0,2,20000,158584,0,,0,0
relation_set,mixed_set_ops,127,in_place_assign,Inline128,0,2,20000,123625,0,,0,0
relation_set,mixed_set_ops,127,borrowed_union,Inline128,0,3,20000,165292,0,,0,0
relation_set,mixed_set_ops,127,allocating_assign,Inline128,0,3,20000,158750,0,,0,0
relation_set,mixed_set_ops,127,in_place_assign,Inline128,0,3,20000,123666,0,,0,0
relation_set,mixed_set_ops,127,borrowed_union,Inline128,0,4,20000,165209,0,,0,0
relation_set,mixed_set_ops,127,allocating_assign,Inline128,0,4,20000,158875,0,,0,0
relation_set,mixed_set_ops,127,in_place_assign,Inline128,0,4,20000,123250,0,,0,0
relation_set,set_build,127,incremental_with,Inline128,0,0,500,173000,0,,0,0
relation_set,set_build,127,from_iter,Inline128,0,0,500,89125,0,,0,0
relation_set,set_build,127,incremental_with,Inline128,0,1,500,173458,0,,0,0
relation_set,set_build,127,from_iter,Inline128,0,1,500,89291,0,,0,0
relation_set,set_build,127,incremental_with,Inline128,0,2,500,173791,0,,0,0
relation_set,set_build,127,from_iter,Inline128,0,2,500,88959,0,,0,0
relation_set,set_build,127,incremental_with,Inline128,0,3,500,173333,0,,0,0
relation_set,set_build,127,from_iter,Inline128,0,3,500,88917,0,,0,0
relation_set,set_build,127,incremental_with,Inline128,0,4,500,173542,0,,0,0
relation_set,set_build,127,from_iter,Inline128,0,4,500,88834,0,,0,0
relation_set,mixed_set_ops,128,borrowed_union,Inline128,0,0,20000,165083,0,,0,0
relation_set,mixed_set_ops,128,allocating_assign,Inline128,0,0,20000,158834,0,,0,0
relation_set,mixed_set_ops,128,in_place_assign,Inline128,0,0,20000,123291,0,,0,0
relation_set,mixed_set_ops,128,borrowed_union,Inline128,0,1,20000,165166,0,,0,0
relation_set,mixed_set_ops,128,allocating_assign,Inline128,0,1,20000,158458,0,,0,0
relation_set,mixed_set_ops,128,in_place_assign,Inline128,0,1,20000,123208,0,,0,0
relation_set,mixed_set_ops,128,borrowed_union,Inline128,0,2,20000,164458,0,,0,0
relation_set,mixed_set_ops,128,allocating_assign,Inline128,0,2,20000,158584,0,,0,0
relation_set,mixed_set_ops,128,in_place_assign,Inline128,0,2,20000,123542,0,,0,0
relation_set,mixed_set_ops,128,borrowed_union,Inline128,0,3,20000,166875,0,,0,0
relation_set,mixed_set_ops,128,allocating_assign,Inline128,0,3,20000,158792,0,,0,0
relation_set,mixed_set_ops,128,in_place_assign,Inline128,0,3,20000,123500,0,,0,0
relation_set,mixed_set_ops,128,borrowed_union,Inline128,0,4,20000,165375,0,,0,0
relation_set,mixed_set_ops,128,allocating_assign,Inline128,0,4,20000,158625,0,,0,0
relation_set,mixed_set_ops,128,in_place_assign,Inline128,0,4,20000,123292,0,,0,0
relation_set,set_build,128,incremental_with,Inline128,0,0,500,173458,0,,0,0
relation_set,set_build,128,from_iter,Inline128,0,0,500,89125,0,,0,0
relation_set,set_build,128,incremental_with,Inline128,0,1,500,173791,0,,0,0
relation_set,set_build,128,from_iter,Inline128,0,1,500,89250,0,,0,0
relation_set,set_build,128,incremental_with,Inline128,0,2,500,173291,0,,0,0
relation_set,set_build,128,from_iter,Inline128,0,2,500,89333,0,,0,0
relation_set,set_build,128,incremental_with,Inline128,0,3,500,173875,0,,0,0
relation_set,set_build,128,from_iter,Inline128,0,3,500,88958,0,,0,0
relation_set,set_build,128,incremental_with,Inline128,0,4,500,173167,0,,0,0
relation_set,set_build,128,from_iter,Inline128,0,4,500,88750,0,,0,0
relation_set,mixed_set_ops,129,borrowed_union,Dense,0,0,20000,641250,0,,0,0
relation_set,mixed_set_ops,129,allocating_assign,Dense,0,0,20000,618042,0,,0,0
relation_set,mixed_set_ops,129,in_place_assign,Dense,0,0,20000,146834,0,,0,0
relation_set,mixed_set_ops,129,borrowed_union,Dense,0,1,20000,640916,0,,0,0
relation_set,mixed_set_ops,129,allocating_assign,Dense,0,1,20000,617250,0,,0,0
relation_set,mixed_set_ops,129,in_place_assign,Dense,0,1,20000,147459,0,,0,0
relation_set,mixed_set_ops,129,borrowed_union,Dense,0,2,20000,640333,0,,0,0
relation_set,mixed_set_ops,129,allocating_assign,Dense,0,2,20000,617417,0,,0,0
relation_set,mixed_set_ops,129,in_place_assign,Dense,0,2,20000,147042,0,,0,0
relation_set,mixed_set_ops,129,borrowed_union,Dense,0,3,20000,640708,0,,0,0
relation_set,mixed_set_ops,129,allocating_assign,Dense,0,3,20000,617583,0,,0,0
relation_set,mixed_set_ops,129,in_place_assign,Dense,0,3,20000,146834,0,,0,0
relation_set,mixed_set_ops,129,borrowed_union,Dense,0,4,20000,640916,0,,0,0
relation_set,mixed_set_ops,129,allocating_assign,Dense,0,4,20000,617167,0,,0,0
relation_set,mixed_set_ops,129,in_place_assign,Dense,0,4,20000,147542,0,,0,0
relation_set,set_build,129,incremental_with,Dense,0,0,500,232333,0,,0,0
relation_set,set_build,129,from_iter,Dense,0,0,500,90667,0,,0,0
relation_set,set_build,129,incremental_with,Dense,0,1,500,230917,0,,0,0
relation_set,set_build,129,from_iter,Dense,0,1,500,90666,0,,0,0
relation_set,set_build,129,incremental_with,Dense,0,2,500,231375,0,,0,0
relation_set,set_build,129,from_iter,Dense,0,2,500,93500,0,,0,0
relation_set,set_build,129,incremental_with,Dense,0,3,500,231083,0,,0,0
relation_set,set_build,129,from_iter,Dense,0,3,500,90500,0,,0,0
relation_set,set_build,129,incremental_with,Dense,0,4,500,231458,0,,0,0
relation_set,set_build,129,from_iter,Dense,0,4,500,90417,0,,0,0
relation_set,mixed_set_ops,256,borrowed_union,Dense,0,0,20000,658541,0,,0,0
relation_set,mixed_set_ops,256,allocating_assign,Dense,0,0,20000,647000,0,,0,0
relation_set,mixed_set_ops,256,in_place_assign,Dense,0,0,20000,200125,0,,0,0
relation_set,mixed_set_ops,256,borrowed_union,Dense,0,1,20000,658791,0,,0,0
relation_set,mixed_set_ops,256,allocating_assign,Dense,0,1,20000,647250,0,,0,0
relation_set,mixed_set_ops,256,in_place_assign,Dense,0,1,20000,199542,0,,0,0
relation_set,mixed_set_ops,256,borrowed_union,Dense,0,2,20000,658792,0,,0,0
relation_set,mixed_set_ops,256,allocating_assign,Dense,0,2,20000,646708,0,,0,0
relation_set,mixed_set_ops,256,in_place_assign,Dense,0,2,20000,200208,0,,0,0
relation_set,mixed_set_ops,256,borrowed_union,Dense,0,3,20000,658709,0,,0,0
relation_set,mixed_set_ops,256,allocating_assign,Dense,0,3,20000,647416,0,,0,0
relation_set,mixed_set_ops,256,in_place_assign,Dense,0,3,20000,199792,0,,0,0
relation_set,mixed_set_ops,256,borrowed_union,Dense,0,4,20000,659542,0,,0,0
relation_set,mixed_set_ops,256,allocating_assign,Dense,0,4,20000,646792,0,,0,0
relation_set,mixed_set_ops,256,in_place_assign,Dense,0,4,20000,200083,0,,0,0
relation_set,set_build,256,incremental_with,Dense,0,0,500,3714000,0,,0,0
relation_set,set_build,256,from_iter,Dense,0,0,500,144166,0,,0,0
relation_set,set_build,256,incremental_with,Dense,0,1,500,3712542,0,,0,0
relation_set,set_build,256,from_iter,Dense,0,1,500,143792,0,,0,0
relation_set,set_build,256,incremental_with,Dense,0,2,500,3732000,0,,0,0
relation_set,set_build,256,from_iter,Dense,0,2,500,143125,0,,0,0
relation_set,set_build,256,incremental_with,Dense,0,3,500,3714042,0,,0,0
relation_set,set_build,256,from_iter,Dense,0,3,500,142708,0,,0,0
relation_set,set_build,256,incremental_with,Dense,0,4,500,3709375,0,,0,0
relation_set,set_build,256,from_iter,Dense,0,4,500,144416,0,,0,0
relation_set,mixed_set_ops,512,borrowed_union,Dense,0,0,20000,717041,0,,0,0
relation_set,mixed_set_ops,512,allocating_assign,Dense,0,0,20000,699292,0,,0,0
relation_set,mixed_set_ops,512,in_place_assign,Dense,0,0,20000,224250,0,,0,0
relation_set,mixed_set_ops,512,borrowed_union,Dense,0,1,20000,716959,0,,0,0
relation_set,mixed_set_ops,512,allocating_assign,Dense,0,1,20000,700000,0,,0,0
relation_set,mixed_set_ops,512,in_place_assign,Dense,0,1,20000,223000,0,,0,0
relation_set,mixed_set_ops,512,borrowed_union,Dense,0,2,20000,716709,0,,0,0
relation_set,mixed_set_ops,512,allocating_assign,Dense,0,2,20000,707583,0,,0,0
relation_set,mixed_set_ops,512,in_place_assign,Dense,0,2,20000,226250,0,,0,0
relation_set,mixed_set_ops,512,borrowed_union,Dense,0,3,20000,725958,0,,0,0
relation_set,mixed_set_ops,512,allocating_assign,Dense,0,3,20000,703250,0,,0,0
relation_set,mixed_set_ops,512,in_place_assign,Dense,0,3,20000,223375,0,,0,0
relation_set,mixed_set_ops,512,borrowed_union,Dense,0,4,20000,716833,0,,0,0
relation_set,mixed_set_ops,512,allocating_assign,Dense,0,4,20000,700042,0,,0,0
relation_set,mixed_set_ops,512,in_place_assign,Dense,0,4,20000,225625,0,,0,0
relation_set,set_build,512,incremental_with,Dense,0,0,500,11090833,0,,0,0
relation_set,set_build,512,from_iter,Dense,0,0,500,276542,0,,0,0
relation_set,set_build,512,incremental_with,Dense,0,1,500,10987583,0,,0,0
relation_set,set_build,512,from_iter,Dense,0,1,500,276584,0,,0,0
relation_set,set_build,512,incremental_with,Dense,0,2,500,11013667,0,,0,0
relation_set,set_build,512,from_iter,Dense,0,2,500,276625,0,,0,0
relation_set,set_build,512,incremental_with,Dense,0,3,500,11017709,0,,0,0
relation_set,set_build,512,from_iter,Dense,0,3,500,276625,0,,0,0
relation_set,set_build,512,incremental_with,Dense,0,4,500,11027959,0,,0,0
relation_set,set_build,512,from_iter,Dense,0,4,500,275458,0,,0,0
relation_set,mixed_set_ops,1024,borrowed_union,Dense,0,0,20000,900958,0,,0,0
relation_set,mixed_set_ops,1024,allocating_assign,Dense,0,0,20000,890375,0,,0,0
relation_set,mixed_set_ops,1024,in_place_assign,Dense,0,0,20000,437000,0,,0,0
relation_set,mixed_set_ops,1024,borrowed_union,Dense,0,1,20000,898500,0,,0,0
relation_set,mixed_set_ops,1024,allocating_assign,Dense,0,1,20000,888042,0,,0,0
relation_set,mixed_set_ops,1024,in_place_assign,Dense,0,1,20000,352250,0,,0,0
relation_set,mixed_set_ops,1024,borrowed_union,Dense,0,2,20000,898708,0,,0,0
relation_set,mixed_set_ops,1024,allocating_assign,Dense,0,2,20000,888250,0,,0,0
relation_set,mixed_set_ops,1024,in_place_assign,Dense,0,2,20000,427459,0,,0,0
relation_set,mixed_set_ops,1024,borrowed_union,Dense,0,3,20000,899167,0,,0,0
relation_set,mixed_set_ops,1024,allocating_assign,Dense,0,3,20000,891250,0,,0,0
relation_set,mixed_set_ops,1024,in_place_assign,Dense,0,3,20000,403583,0,,0,0
relation_set,mixed_set_ops,1024,borrowed_union,Dense,0,4,20000,900208,0,,0,0
relation_set,mixed_set_ops,1024,allocating_assign,Dense,0,4,20000,889792,0,,0,0
relation_set,mixed_set_ops,1024,in_place_assign,Dense,0,4,20000,428750,0,,0,0
relation_set,set_build,1024,incremental_with,Dense,0,0,500,27013250,0,,0,0
relation_set,set_build,1024,from_iter,Dense,0,0,500,553792,0,,0,0
relation_set,set_build,1024,incremental_with,Dense,0,1,500,27041208,0,,0,0
relation_set,set_build,1024,from_iter,Dense,0,1,500,555167,0,,0,0
relation_set,set_build,1024,incremental_with,Dense,0,2,500,26992916,0,,0,0
relation_set,set_build,1024,from_iter,Dense,0,2,500,554791,0,,0,0
relation_set,set_build,1024,incremental_with,Dense,0,3,500,27100583,0,,0,0
relation_set,set_build,1024,from_iter,Dense,0,3,500,556542,0,,0,0
relation_set,set_build,1024,incremental_with,Dense,0,4,500,27108959,0,,0,0
relation_set,set_build,1024,from_iter,Dense,0,4,500,553750,0,,0,0
relation_set,sparse_set_ops,1025,borrowed_union,Sparse,0,0,20000,976708,0,,0,0
relation_set,sparse_set_ops,1025,allocating_assign,Sparse,0,0,20000,1109042,0,,0,0
relation_set,sparse_set_ops,1025,in_place_assign,Sparse,0,0,20000,1051750,0,,0,0
relation_set,sparse_set_ops,1025,borrowed_union,Sparse,0,1,20000,970667,0,,0,0
relation_set,sparse_set_ops,1025,allocating_assign,Sparse,0,1,20000,1082667,0,,0,0
relation_set,sparse_set_ops,1025,in_place_assign,Sparse,0,1,20000,1041500,0,,0,0
relation_set,sparse_set_ops,1025,borrowed_union,Sparse,0,2,20000,978791,0,,0,0
relation_set,sparse_set_ops,1025,allocating_assign,Sparse,0,2,20000,1082417,0,,0,0
relation_set,sparse_set_ops,1025,in_place_assign,Sparse,0,2,20000,1043667,0,,0,0
relation_set,sparse_set_ops,1025,borrowed_union,Sparse,0,3,20000,968458,0,,0,0
relation_set,sparse_set_ops,1025,allocating_assign,Sparse,0,3,20000,1088708,0,,0,0
relation_set,sparse_set_ops,1025,in_place_assign,Sparse,0,3,20000,1041750,0,,0,0
relation_set,sparse_set_ops,1025,borrowed_union,Sparse,0,4,20000,970541,0,,0,0
relation_set,sparse_set_ops,1025,allocating_assign,Sparse,0,4,20000,1083667,0,,0,0
relation_set,sparse_set_ops,1025,in_place_assign,Sparse,0,4,20000,1049667,0,,0,0
relation_set,sparse_set_ops,4097,borrowed_union,Sparse,0,0,20000,917958,0,,0,0
relation_set,sparse_set_ops,4097,allocating_assign,Sparse,0,0,20000,970958,0,,0,0
relation_set,sparse_set_ops,4097,in_place_assign,Sparse,0,0,20000,965000,0,,0,0
relation_set,sparse_set_ops,4097,borrowed_union,Sparse,0,1,20000,918041,0,,0,0
relation_set,sparse_set_ops,4097,allocating_assign,Sparse,0,1,20000,979458,0,,0,0
relation_set,sparse_set_ops,4097,in_place_assign,Sparse,0,1,20000,965208,0,,0,0
relation_set,sparse_set_ops,4097,borrowed_union,Sparse,0,2,20000,912250,0,,0,0
relation_set,sparse_set_ops,4097,allocating_assign,Sparse,0,2,20000,971791,0,,0,0
relation_set,sparse_set_ops,4097,in_place_assign,Sparse,0,2,20000,966083,0,,0,0
relation_set,sparse_set_ops,4097,borrowed_union,Sparse,0,3,20000,912250,0,,0,0
relation_set,sparse_set_ops,4097,allocating_assign,Sparse,0,3,20000,980625,0,,0,0
relation_set,sparse_set_ops,4097,in_place_assign,Sparse,0,3,20000,968708,0,,0,0
relation_set,sparse_set_ops,4097,borrowed_union,Sparse,0,4,20000,912000,0,,0,0
relation_set,sparse_set_ops,4097,allocating_assign,Sparse,0,4,20000,976833,0,,0,0
relation_set,sparse_set_ops,4097,in_place_assign,Sparse,0,4,20000,974625,0,,0,0
relation_set,sparse_set_ops,16385,borrowed_union,Sparse,0,0,20000,912083,0,,0,0
relation_set,sparse_set_ops,16385,allocating_assign,Sparse,0,0,20000,971042,0,,0,0
relation_set,sparse_set_ops,16385,in_place_assign,Sparse,0,0,20000,965083,0,,0,0
relation_set,sparse_set_ops,16385,borrowed_union,Sparse,0,1,20000,924292,0,,0,0
relation_set,sparse_set_ops,16385,allocating_assign,Sparse,0,1,20000,971083,0,,0,0
relation_set,sparse_set_ops,16385,in_place_assign,Sparse,0,1,20000,964750,0,,0,0
relation_set,sparse_set_ops,16385,borrowed_union,Sparse,0,2,20000,912292,0,,0,0
relation_set,sparse_set_ops,16385,allocating_assign,Sparse,0,2,20000,979666,0,,0,0
relation_set,sparse_set_ops,16385,in_place_assign,Sparse,0,2,20000,965000,0,,0,0
relation_set,sparse_set_ops,16385,borrowed_union,Sparse,0,3,20000,914334,0,,0,0
relation_set,sparse_set_ops,16385,allocating_assign,Sparse,0,3,20000,971333,0,,0,0
relation_set,sparse_set_ops,16385,in_place_assign,Sparse,0,3,20000,974708,0,,0,0
relation_set,sparse_set_ops,16385,borrowed_union,Sparse,0,4,20000,912041,0,,0,0
relation_set,sparse_set_ops,16385,allocating_assign,Sparse,0,4,20000,971167,0,,0,0
relation_set,sparse_set_ops,16385,in_place_assign,Sparse,0,4,20000,973666,0,,0,0
